filename,profession,biased_bg
doctor_0.png,doctor,True
doctor_1.png,doctor,True
doctor_2.png,doctor,True
doctor_3.png,doctor,True
doctor_4.png,doctor,True
doctor_5.png,doctor,True
doctor_6.png,doctor,True
doctor_7.png,doctor,True
doctor_8.png,doctor,True
doctor_9.png,doctor,True
doctor_10.png,doctor,True
doctor_11.png,doctor,True
doctor_12.png,doctor,True
doctor_13.png,doctor,True
doctor_14.png,doctor,True
doctor_15.png,doctor,True
doctor_16.png,doctor,True
doctor_17.png,doctor,True
doctor_18.png,doctor,True
doctor_19.png,doctor,True
doctor_20.png,doctor,True
doctor_21.png,doctor,True
doctor_22.png,doctor,True
doctor_23.png,doctor,True
doctor_24.png,doctor,True
doctor_25.png,doctor,True
doctor_26.png,doctor,True
doctor_27.png,doctor,True
doctor_28.png,doctor,True
doctor_29.png,doctor,True
doctor_30.png,doctor,True
doctor_31.png,doctor,True
doctor_32.png,doctor,True
doctor_33.png,doctor,True
doctor_34.png,doctor,True
doctor_35.png,doctor,True
doctor_36.png,doctor,True
doctor_37.png,doctor,True
doctor_38.png,doctor,True
doctor_39.png,doctor,True
doctor_40.png,doctor,True
doctor_41.png,doctor,True
doctor_42.png,doctor,True
doctor_43.png,doctor,True
doctor_44.png,doctor,True
doctor_45.png,doctor,True
doctor_46.png,doctor,True
doctor_47.png,doctor,True
doctor_48.png,doctor,True
doctor_49.png,doctor,True
doctor_50.png,doctor,True
doctor_51.png,doctor,True
doctor_52.png,doctor,True
doctor_53.png,doctor,True
doctor_54.png,doctor,True
doctor_55.png,doctor,True
doctor_56.png,doctor,True
doctor_57.png,doctor,True
doctor_58.png,doctor,True
doctor_59.png,doctor,True
doctor_60.png,doctor,True
doctor_61.png,doctor,True
doctor_62.png,doctor,True
doctor_63.png,doctor,True
doctor_64.png,doctor,True
doctor_65.png,doctor,True
doctor_66.png,doctor,True
doctor_67.png,doctor,True
doctor_68.png,doctor,True
doctor_69.png,doctor,True
doctor_70.png,doctor,True
doctor_71.png,doctor,True
doctor_72.png,doctor,True
doctor_73.png,doctor,True
doctor_74.png,doctor,True
doctor_75.png,doctor,True
doctor_76.png,doctor,True
doctor_77.png,doctor,True
doctor_78.png,doctor,True
doctor_79.png,doctor,True
doctor_80.png,doctor,True
doctor_81.png,doctor,True
doctor_82.png,doctor,True
doctor_83.png,doctor,True
doctor_84.png,doctor,True
doctor_85.png,doctor,True
doctor_86.png,doctor,True
doctor_87.png,doctor,True
doctor_88.png,doctor,True
doctor_89.png,doctor,True
doctor_90.png,doctor,True
doctor_91.png,doctor,True
doctor_92.png,doctor,True
doctor_93.png,doctor,True
doctor_94.png,doctor,True
doctor_95.png,doctor,True
doctor_96.png,doctor,True
doctor_97.png,doctor,True
doctor_98.png,doctor,True
doctor_99.png,doctor,True
doctor_100.png,doctor,True
doctor_101.png,doctor,True
doctor_102.png,doctor,True
doctor_103.png,doctor,True
doctor_104.png,doctor,True
doctor_105.png,doctor,True
doctor_106.png,doctor,True
doctor_107.png,doctor,True
doctor_108.png,doctor,True
doctor_109.png,doctor,True
doctor_110.png,doctor,True
doctor_111.png,doctor,True
doctor_112.png,doctor,True
doctor_113.png,doctor,True
doctor_114.png,doctor,True
doctor_115.png,doctor,True
doctor_116.png,doctor,True
doctor_117.png,doctor,True
doctor_118.png,doctor,True
doctor_119.png,doctor,True
doctor_120.png,doctor,True
doctor_121.png,doctor,True
doctor_122.png,doctor,True
doctor_123.png,doctor,True
doctor_124.png,doctor,True
doctor_125.png,doctor,True
doctor_126.png,doctor,True
doctor_127.png,doctor,True
doctor_128.png,doctor,True
doctor_129.png,doctor,True
doctor_130.png,doctor,True
doctor_131.png,doctor,True
doctor_132.png,doctor,True
doctor_133.png,doctor,True
doctor_134.png,doctor,True
doctor_135.png,doctor,True
doctor_136.png,doctor,True
doctor_137.png,doctor,True
doctor_138.png,doctor,True
doctor_139.png,doctor,True
doctor_140.png,doctor,True
doctor_141.png,doctor,True
doctor_142.png,doctor,True
doctor_143.png,doctor,True
doctor_144.png,doctor,True
doctor_145.png,doctor,True
doctor_146.png,doctor,True
doctor_147.png,doctor,True
doctor_148.png,doctor,True
doctor_149.png,doctor,True
doctor_150.png,doctor,True
doctor_151.png,doctor,True
doctor_152.png,doctor,True
doctor_153.png,doctor,True
doctor_154.png,doctor,True
doctor_155.png,doctor,True
doctor_156.png,doctor,True
doctor_157.png,doctor,True
doctor_158.png,doctor,True
doctor_159.png,doctor,True
doctor_160.png,doctor,True
doctor_161.png,doctor,True
doctor_162.png,doctor,True
doctor_163.png,doctor,True
doctor_164.png,doctor,True
doctor_165.png,doctor,True
doctor_166.png,doctor,True
doctor_167.png,doctor,True
doctor_168.png,doctor,True
doctor_169.png,doctor,True
doctor_170.png,doctor,True
doctor_171.png,doctor,True
doctor_172.png,doctor,True
doctor_173.png,doctor,True
doctor_174.png,doctor,True
doctor_175.png,doctor,True
doctor_176.png,doctor,True
doctor_177.png,doctor,True
doctor_178.png,doctor,True
doctor_179.png,doctor,True
doctor_180.png,doctor,True
doctor_181.png,doctor,True
doctor_182.png,doctor,True
doctor_183.png,doctor,True
doctor_184.png,doctor,True
doctor_185.png,doctor,True
doctor_186.png,doctor,True
doctor_187.png,doctor,True
doctor_188.png,doctor,True
doctor_189.png,doctor,True
doctor_190.png,doctor,True
doctor_191.png,doctor,True
doctor_192.png,doctor,True
doctor_193.png,doctor,True
doctor_194.png,doctor,True
doctor_195.png,doctor,True
doctor_196.png,doctor,True
doctor_197.png,doctor,True
doctor_198.png,doctor,True
doctor_199.png,doctor,True
doctor_200.png,doctor,True
doctor_201.png,doctor,True
doctor_202.png,doctor,True
doctor_203.png,doctor,True
doctor_204.png,doctor,True
doctor_205.png,doctor,True
doctor_206.png,doctor,True
doctor_207.png,doctor,True
doctor_208.png,doctor,True
doctor_209.png,doctor,True
doctor_210.png,doctor,True
doctor_211.png,doctor,True
doctor_212.png,doctor,True
doctor_213.png,doctor,True
doctor_214.png,doctor,True
doctor_215.png,doctor,True
doctor_216.png,doctor,True
doctor_217.png,doctor,True
doctor_218.png,doctor,True
doctor_219.png,doctor,True
doctor_220.png,doctor,True
doctor_221.png,doctor,True
doctor_222.png,doctor,True
doctor_223.png,doctor,True
doctor_224.png,doctor,True
doctor_225.png,doctor,True
doctor_226.png,doctor,True
doctor_227.png,doctor,True
doctor_228.png,doctor,True
doctor_229.png,doctor,True
doctor_230.png,doctor,True
doctor_231.png,doctor,True
doctor_232.png,doctor,True
doctor_233.png,doctor,True
doctor_234.png,doctor,True
doctor_235.png,doctor,True
doctor_236.png,doctor,True
doctor_237.png,doctor,True
doctor_238.png,doctor,True
doctor_239.png,doctor,True
doctor_240.png,doctor,True
doctor_241.png,doctor,True
doctor_242.png,doctor,True
doctor_243.png,doctor,True
doctor_244.png,doctor,True
doctor_245.png,doctor,True
doctor_246.png,doctor,True
doctor_247.png,doctor,True
doctor_248.png,doctor,True
doctor_249.png,doctor,True
doctor_250.png,doctor,True
doctor_251.png,doctor,True
doctor_252.png,doctor,True
doctor_253.png,doctor,True
doctor_254.png,doctor,True
doctor_255.png,doctor,True
doctor_256.png,doctor,True
doctor_257.png,doctor,True
doctor_258.png,doctor,True
doctor_259.png,doctor,True
doctor_260.png,doctor,True
doctor_261.png,doctor,True
doctor_262.png,doctor,True
doctor_263.png,doctor,True
doctor_264.png,doctor,True
doctor_265.png,doctor,True
doctor_266.png,doctor,True
doctor_267.png,doctor,True
doctor_268.png,doctor,True
doctor_269.png,doctor,True
doctor_270.png,doctor,True
doctor_271.png,doctor,True
doctor_272.png,doctor,True
doctor_273.png,doctor,True
doctor_274.png,doctor,True
doctor_275.png,doctor,True
doctor_276.png,doctor,True
doctor_277.png,doctor,True
doctor_278.png,doctor,True
doctor_279.png,doctor,True
doctor_280.png,doctor,True
doctor_281.png,doctor,True
doctor_282.png,doctor,True
doctor_283.png,doctor,True
doctor_284.png,doctor,True
doctor_285.png,doctor,True
doctor_286.png,doctor,True
doctor_287.png,doctor,True
doctor_288.png,doctor,True
doctor_289.png,doctor,True
doctor_290.png,doctor,True
doctor_291.png,doctor,True
doctor_292.png,doctor,True
doctor_293.png,doctor,True
doctor_294.png,doctor,True
doctor_295.png,doctor,True
doctor_296.png,doctor,True
doctor_297.png,doctor,True
doctor_298.png,doctor,True
doctor_299.png,doctor,True
nurse_0.png,nurse,True
nurse_1.png,nurse,True
nurse_2.png,nurse,True
nurse_3.png,nurse,True
nurse_4.png,nurse,True
nurse_5.png,nurse,True
nurse_6.png,nurse,True
nurse_7.png,nurse,True
nurse_8.png,nurse,True
nurse_9.png,nurse,True
nurse_10.png,nurse,True
nurse_11.png,nurse,True
nurse_12.png,nurse,True
nurse_13.png,nurse,True
nurse_14.png,nurse,True
nurse_15.png,nurse,True
nurse_16.png,nurse,True
nurse_17.png,nurse,True
nurse_18.png,nurse,True
nurse_19.png,nurse,True
nurse_20.png,nurse,True
nurse_21.png,nurse,True
nurse_22.png,nurse,True
nurse_23.png,nurse,True
nurse_24.png,nurse,True
nurse_25.png,nurse,True
nurse_26.png,nurse,True
nurse_27.png,nurse,True
nurse_28.png,nurse,True
nurse_29.png,nurse,True
nurse_30.png,nurse,True
nurse_31.png,nurse,True
nurse_32.png,nurse,True
nurse_33.png,nurse,True
nurse_34.png,nurse,True
nurse_35.png,nurse,True
nurse_36.png,nurse,True
nurse_37.png,nurse,True
nurse_38.png,nurse,True
nurse_39.png,nurse,True
nurse_40.png,nurse,True
nurse_41.png,nurse,True
nurse_42.png,nurse,True
nurse_43.png,nurse,True
nurse_44.png,nurse,True
nurse_45.png,nurse,True
nurse_46.png,nurse,True
nurse_47.png,nurse,True
nurse_48.png,nurse,True
nurse_49.png,nurse,True
nurse_50.png,nurse,True
nurse_51.png,nurse,True
nurse_52.png,nurse,True
nurse_53.png,nurse,True
nurse_54.png,nurse,True
nurse_55.png,nurse,True
nurse_56.png,nurse,True
nurse_57.png,nurse,True
nurse_58.png,nurse,True
nurse_59.png,nurse,True
nurse_60.png,nurse,True
nurse_61.png,nurse,True
nurse_62.png,nurse,True
nurse_63.png,nurse,True
nurse_64.png,nurse,True
nurse_65.png,nurse,True
nurse_66.png,nurse,True
nurse_67.png,nurse,True
nurse_68.png,nurse,True
nurse_69.png,nurse,True
nurse_70.png,nurse,True
nurse_71.png,nurse,True
nurse_72.png,nurse,True
nurse_73.png,nurse,True
nurse_74.png,nurse,True
nurse_75.png,nurse,True
nurse_76.png,nurse,True
nurse_77.png,nurse,True
nurse_78.png,nurse,True
nurse_79.png,nurse,True
nurse_80.png,nurse,True
nurse_81.png,nurse,True
nurse_82.png,nurse,True
nurse_83.png,nurse,True
nurse_84.png,nurse,True
nurse_85.png,nurse,True
nurse_86.png,nurse,True
nurse_87.png,nurse,True
nurse_88.png,nurse,True
nurse_89.png,nurse,True
nurse_90.png,nurse,True
nurse_91.png,nurse,True
nurse_92.png,nurse,True
nurse_93.png,nurse,True
nurse_94.png,nurse,True
nurse_95.png,nurse,True
nurse_96.png,nurse,True
nurse_97.png,nurse,True
nurse_98.png,nurse,True
nurse_99.png,nurse,True
nurse_100.png,nurse,True
nurse_101.png,nurse,True
nurse_102.png,nurse,True
nurse_103.png,nurse,True
nurse_104.png,nurse,True
nurse_105.png,nurse,True
nurse_106.png,nurse,True
nurse_107.png,nurse,True
nurse_108.png,nurse,True
nurse_109.png,nurse,True
nurse_110.png,nurse,True
nurse_111.png,nurse,True
nurse_112.png,nurse,True
nurse_113.png,nurse,True
nurse_114.png,nurse,True
nurse_115.png,nurse,True
nurse_116.png,nurse,True
nurse_117.png,nurse,True
nurse_118.png,nurse,True
nurse_119.png,nurse,True
nurse_120.png,nurse,True
nurse_121.png,nurse,True
nurse_122.png,nurse,True
nurse_123.png,nurse,True
nurse_124.png,nurse,True
nurse_125.png,nurse,True
nurse_126.png,nurse,True
nurse_127.png,nurse,True
nurse_128.png,nurse,True
nurse_129.png,nurse,True
nurse_130.png,nurse,True
nurse_131.png,nurse,True
nurse_132.png,nurse,True
nurse_133.png,nurse,True
nurse_134.png,nurse,True
nurse_135.png,nurse,True
nurse_136.png,nurse,True
nurse_137.png,nurse,True
nurse_138.png,nurse,True
nurse_139.png,nurse,True
nurse_140.png,nurse,True
nurse_141.png,nurse,True
nurse_142.png,nurse,True
nurse_143.png,nurse,True
nurse_144.png,nurse,True
nurse_145.png,nurse,True
nurse_146.png,nurse,True
nurse_147.png,nurse,True
nurse_148.png,nurse,True
nurse_149.png,nurse,True
nurse_150.png,nurse,True
nurse_151.png,nurse,True
nurse_152.png,nurse,True
nurse_153.png,nurse,True
nurse_154.png,nurse,True
nurse_155.png,nurse,True
nurse_156.png,nurse,True
nurse_157.png,nurse,True
nurse_158.png,nurse,True
nurse_159.png,nurse,True
nurse_160.png,nurse,True
nurse_161.png,nurse,True
nurse_162.png,nurse,True
nurse_163.png,nurse,True
nurse_164.png,nurse,True
nurse_165.png,nurse,True
nurse_166.png,nurse,True
nurse_167.png,nurse,True
nurse_168.png,nurse,True
nurse_169.png,nurse,True
nurse_170.png,nurse,True
nurse_171.png,nurse,True
nurse_172.png,nurse,True
nurse_173.png,nurse,True
nurse_174.png,nurse,True
nurse_175.png,nurse,True
nurse_176.png,nurse,True
nurse_177.png,nurse,True
nurse_178.png,nurse,True
nurse_179.png,nurse,True
nurse_180.png,nurse,True
nurse_181.png,nurse,True
nurse_182.png,nurse,True
nurse_183.png,nurse,True
nurse_184.png,nurse,True
nurse_185.png,nurse,True
nurse_186.png,nurse,True
nurse_187.png,nurse,True
nurse_188.png,nurse,True
nurse_189.png,nurse,True
nurse_190.png,nurse,True
nurse_191.png,nurse,True
nurse_192.png,nurse,True
nurse_193.png,nurse,True
nurse_194.png,nurse,True
nurse_195.png,nurse,True
nurse_196.png,nurse,True
nurse_197.png,nurse,True
nurse_198.png,nurse,True
nurse_199.png,nurse,True
nurse_200.png,nurse,True
nurse_201.png,nurse,True
nurse_202.png,nurse,True
nurse_203.png,nurse,True
nurse_204.png,nurse,True
nurse_205.png,nurse,True
nurse_206.png,nurse,True
nurse_207.png,nurse,True
nurse_208.png,nurse,True
nurse_209.png,nurse,True
nurse_210.png,nurse,True
nurse_211.png,nurse,True
nurse_212.png,nurse,True
nurse_213.png,nurse,True
nurse_214.png,nurse,True
nurse_215.png,nurse,True
nurse_216.png,nurse,True
nurse_217.png,nurse,True
nurse_218.png,nurse,True
nurse_219.png,nurse,True
nurse_220.png,nurse,True
nurse_221.png,nurse,True
nurse_222.png,nurse,True
nurse_223.png,nurse,True
nurse_224.png,nurse,True
nurse_225.png,nurse,True
nurse_226.png,nurse,True
nurse_227.png,nurse,True
nurse_228.png,nurse,True
nurse_229.png,nurse,True
nurse_230.png,nurse,True
nurse_231.png,nurse,True
nurse_232.png,nurse,True
nurse_233.png,nurse,True
nurse_234.png,nurse,True
nurse_235.png,nurse,True
nurse_236.png,nurse,True
nurse_237.png,nurse,True
nurse_238.png,nurse,True
nurse_239.png,nurse,True
nurse_240.png,nurse,True
nurse_241.png,nurse,True
nurse_242.png,nurse,True
nurse_243.png,nurse,True
nurse_244.png,nurse,True
nurse_245.png,nurse,True
nurse_246.png,nurse,True
nurse_247.png,nurse,True
nurse_248.png,nurse,True
nurse_249.png,nurse,True
nurse_250.png,nurse,True
nurse_251.png,nurse,True
nurse_252.png,nurse,True
nurse_253.png,nurse,True
nurse_254.png,nurse,True
nurse_255.png,nurse,True
nurse_256.png,nurse,True
nurse_257.png,nurse,True
nurse_258.png,nurse,True
nurse_259.png,nurse,True
nurse_260.png,nurse,True
nurse_261.png,nurse,True
nurse_262.png,nurse,True
nurse_263.png,nurse,True
nurse_264.png,nurse,True
nurse_265.png,nurse,True
nurse_266.png,nurse,True
nurse_267.png,nurse,True
nurse_268.png,nurse,True
nurse_269.png,nurse,True
nurse_270.png,nurse,True
nurse_271.png,nurse,True
nurse_272.png,nurse,True
nurse_273.png,nurse,True
nurse_274.png,nurse,True
nurse_275.png,nurse,True
nurse_276.png,nurse,True
nurse_277.png,nurse,True
nurse_278.png,nurse,True
nurse_279.png,nurse,True
nurse_280.png,nurse,True
nurse_281.png,nurse,True
nurse_282.png,nurse,True
nurse_283.png,nurse,True
nurse_284.png,nurse,True
nurse_285.png,nurse,True
nurse_286.png,nurse,True
nurse_287.png,nurse,True
nurse_288.png,nurse,True
nurse_289.png,nurse,True
nurse_290.png,nurse,True
nurse_291.png,nurse,True
nurse_292.png,nurse,True
nurse_293.png,nurse,True
nurse_294.png,nurse,True
nurse_295.png,nurse,True
nurse_296.png,nurse,True
nurse_297.png,nurse,True
nurse_298.png,nurse,True
nurse_299.png,nurse,True
engineer_0.png,engineer,True
engineer_1.png,engineer,True
engineer_2.png,engineer,True
engineer_3.png,engineer,True
engineer_4.png,engineer,True
engineer_5.png,engineer,True
engineer_6.png,engineer,True
engineer_7.png,engineer,True
engineer_8.png,engineer,True
engineer_9.png,engineer,True
engineer_10.png,engineer,True
engineer_11.png,engineer,True
engineer_12.png,engineer,True
engineer_13.png,engineer,True
engineer_14.png,engineer,True
engineer_15.png,engineer,True
engineer_16.png,engineer,True
engineer_17.png,engineer,True
engineer_18.png,engineer,True
engineer_19.png,engineer,True
engineer_20.png,engineer,True
engineer_21.png,engineer,True
engineer_22.png,engineer,True
engineer_23.png,engineer,True
engineer_24.png,engineer,True
engineer_25.png,engineer,True
engineer_26.png,engineer,True
engineer_27.png,engineer,True
engineer_28.png,engineer,True
engineer_29.png,engineer,True
engineer_30.png,engineer,True
engineer_31.png,engineer,True
engineer_32.png,engineer,True
engineer_33.png,engineer,True
engineer_34.png,engineer,True
engineer_35.png,engineer,True
engineer_36.png,engineer,True
engineer_37.png,engineer,True
engineer_38.png,engineer,True
engineer_39.png,engineer,True
engineer_40.png,engineer,True
engineer_41.png,engineer,True
engineer_42.png,engineer,True
engineer_43.png,engineer,True
engineer_44.png,engineer,True
engineer_45.png,engineer,True
engineer_46.png,engineer,True
engineer_47.png,engineer,True
engineer_48.png,engineer,True
engineer_49.png,engineer,True
engineer_50.png,engineer,True
engineer_51.png,engineer,True
engineer_52.png,engineer,True
engineer_53.png,engineer,True
engineer_54.png,engineer,True
engineer_55.png,engineer,True
engineer_56.png,engineer,True
engineer_57.png,engineer,True
engineer_58.png,engineer,True
engineer_59.png,engineer,True
engineer_60.png,engineer,True
engineer_61.png,engineer,True
engineer_62.png,engineer,True
engineer_63.png,engineer,True
engineer_64.png,engineer,True
engineer_65.png,engineer,True
engineer_66.png,engineer,True
engineer_67.png,engineer,True
engineer_68.png,engineer,True
engineer_69.png,engineer,True
engineer_70.png,engineer,True
engineer_71.png,engineer,True
engineer_72.png,engineer,True
engineer_73.png,engineer,True
engineer_74.png,engineer,True
engineer_75.png,engineer,True
engineer_76.png,engineer,True
engineer_77.png,engineer,True
engineer_78.png,engineer,True
engineer_79.png,engineer,True
engineer_80.png,engineer,True
engineer_81.png,engineer,True
engineer_82.png,engineer,True
engineer_83.png,engineer,True
engineer_84.png,engineer,True
engineer_85.png,engineer,True
engineer_86.png,engineer,True
engineer_87.png,engineer,True
engineer_88.png,engineer,True
engineer_89.png,engineer,True
engineer_90.png,engineer,True
engineer_91.png,engineer,True
engineer_92.png,engineer,True
engineer_93.png,engineer,True
engineer_94.png,engineer,True
engineer_95.png,engineer,True
engineer_96.png,engineer,True
engineer_97.png,engineer,True
engineer_98.png,engineer,True
engineer_99.png,engineer,True
engineer_100.png,engineer,True
engineer_101.png,engineer,True
engineer_102.png,engineer,True
engineer_103.png,engineer,True
engineer_104.png,engineer,True
engineer_105.png,engineer,True
engineer_106.png,engineer,True
engineer_107.png,engineer,True
engineer_108.png,engineer,True
engineer_109.png,engineer,True
engineer_110.png,engineer,True
engineer_111.png,engineer,True
engineer_112.png,engineer,True
engineer_113.png,engineer,True
engineer_114.png,engineer,True
engineer_115.png,engineer,True
engineer_116.png,engineer,True
engineer_117.png,engineer,True
engineer_118.png,engineer,True
engineer_119.png,engineer,True
engineer_120.png,engineer,True
engineer_121.png,engineer,True
engineer_122.png,engineer,True
engineer_123.png,engineer,True
engineer_124.png,engineer,True
engineer_125.png,engineer,True
engineer_126.png,engineer,True
engineer_127.png,engineer,True
engineer_128.png,engineer,True
engineer_129.png,engineer,True
engineer_130.png,engineer,True
engineer_131.png,engineer,True
engineer_132.png,engineer,True
engineer_133.png,engineer,True
engineer_134.png,engineer,True
engineer_135.png,engineer,True
engineer_136.png,engineer,True
engineer_137.png,engineer,True
engineer_138.png,engineer,True
engineer_139.png,engineer,True
engineer_140.png,engineer,True
engineer_141.png,engineer,True
engineer_142.png,engineer,True
engineer_143.png,engineer,True
engineer_144.png,engineer,True
engineer_145.png,engineer,True
engineer_146.png,engineer,True
engineer_147.png,engineer,True
engineer_148.png,engineer,True
engineer_149.png,engineer,True
engineer_150.png,engineer,True
engineer_151.png,engineer,True
engineer_152.png,engineer,True
engineer_153.png,engineer,True
engineer_154.png,engineer,True
engineer_155.png,engineer,True
engineer_156.png,engineer,True
engineer_157.png,engineer,True
engineer_158.png,engineer,True
engineer_159.png,engineer,True
engineer_160.png,engineer,True
engineer_161.png,engineer,True
engineer_162.png,engineer,True
engineer_163.png,engineer,True
engineer_164.png,engineer,True
engineer_165.png,engineer,True
engineer_166.png,engineer,True
engineer_167.png,engineer,True
engineer_168.png,engineer,True
engineer_169.png,engineer,True
engineer_170.png,engineer,True
engineer_171.png,engineer,True
engineer_172.png,engineer,True
engineer_173.png,engineer,True
engineer_174.png,engineer,True
engineer_175.png,engineer,True
engineer_176.png,engineer,True
engineer_177.png,engineer,True
engineer_178.png,engineer,True
engineer_179.png,engineer,True
engineer_180.png,engineer,True
engineer_181.png,engineer,True
engineer_182.png,engineer,True
engineer_183.png,engineer,True
engineer_184.png,engineer,True
engineer_185.png,engineer,True
engineer_186.png,engineer,True
engineer_187.png,engineer,True
engineer_188.png,engineer,True
engineer_189.png,engineer,True
engineer_190.png,engineer,True
engineer_191.png,engineer,True
engineer_192.png,engineer,True
engineer_193.png,engineer,True
engineer_194.png,engineer,True
engineer_195.png,engineer,True
engineer_196.png,engineer,True
engineer_197.png,engineer,True
engineer_198.png,engineer,True
engineer_199.png,engineer,True
engineer_200.png,engineer,True
engineer_201.png,engineer,True
engineer_202.png,engineer,True
engineer_203.png,engineer,True
engineer_204.png,engineer,True
engineer_205.png,engineer,True
engineer_206.png,engineer,True
engineer_207.png,engineer,True
engineer_208.png,engineer,True
engineer_209.png,engineer,True
engineer_210.png,engineer,True
engineer_211.png,engineer,True
engineer_212.png,engineer,True
engineer_213.png,engineer,True
engineer_214.png,engineer,True
engineer_215.png,engineer,True
engineer_216.png,engineer,True
engineer_217.png,engineer,True
engineer_218.png,engineer,True
engineer_219.png,engineer,True
engineer_220.png,engineer,True
engineer_221.png,engineer,True
engineer_222.png,engineer,True
engineer_223.png,engineer,True
engineer_224.png,engineer,True
engineer_225.png,engineer,True
engineer_226.png,engineer,True
engineer_227.png,engineer,True
engineer_228.png,engineer,True
engineer_229.png,engineer,True
engineer_230.png,engineer,True
engineer_231.png,engineer,True
engineer_232.png,engineer,True
engineer_233.png,engineer,True
engineer_234.png,engineer,True
engineer_235.png,engineer,True
engineer_236.png,engineer,True
engineer_237.png,engineer,True
engineer_238.png,engineer,True
engineer_239.png,engineer,True
engineer_240.png,engineer,True
engineer_241.png,engineer,True
engineer_242.png,engineer,True
engineer_243.png,engineer,True
engineer_244.png,engineer,True
engineer_245.png,engineer,True
engineer_246.png,engineer,True
engineer_247.png,engineer,True
engineer_248.png,engineer,True
engineer_249.png,engineer,True
engineer_250.png,engineer,True
engineer_251.png,engineer,True
engineer_252.png,engineer,True
engineer_253.png,engineer,True
engineer_254.png,engineer,True
engineer_255.png,engineer,True
engineer_256.png,engineer,True
engineer_257.png,engineer,True
engineer_258.png,engineer,True
engineer_259.png,engineer,True
engineer_260.png,engineer,True
engineer_261.png,engineer,True
engineer_262.png,engineer,True
engineer_263.png,engineer,True
engineer_264.png,engineer,True
engineer_265.png,engineer,True
engineer_266.png,engineer,True
engineer_267.png,engineer,True
engineer_268.png,engineer,True
engineer_269.png,engineer,True
engineer_270.png,engineer,True
engineer_271.png,engineer,True
engineer_272.png,engineer,True
engineer_273.png,engineer,True
engineer_274.png,engineer,True
engineer_275.png,engineer,True
engineer_276.png,engineer,True
engineer_277.png,engineer,True
engineer_278.png,engineer,True
engineer_279.png,engineer,True
engineer_280.png,engineer,True
engineer_281.png,engineer,True
engineer_282.png,engineer,True
engineer_283.png,engineer,True
engineer_284.png,engineer,True
engineer_285.png,engineer,True
engineer_286.png,engineer,True
engineer_287.png,engineer,True
engineer_288.png,engineer,True
engineer_289.png,engineer,True
engineer_290.png,engineer,True
engineer_291.png,engineer,True
engineer_292.png,engineer,True
engineer_293.png,engineer,True
engineer_294.png,engineer,True
engineer_295.png,engineer,True
engineer_296.png,engineer,True
engineer_297.png,engineer,True
engineer_298.png,engineer,True
engineer_299.png,engineer,True
