occupation,text_shap_abs_mean
manager,0.0026437215779764414
nurse,0.004208946589849076
developer,119201498259.57304
scientist,40954854443.20644
scientist,22957019710.939598
nurse,47829876646.69223
scientist,0.005263014635670352
engineer,831961245525.4172
scientist,3949839261.8480697
engineer,188035330769.0224
nurse,0.006898818303227531
nurse,0.005914289118050313
engineer,0.005734896940769797
nurse,0.003690164797386202
manager,0.0055198261182297014
developer,0.003666107111846378
nurse,0.004982252771418662
scientist,0.0025212922838912604
manager,173767618915.26022
developer,12929605382.588469
developer,10027414328.353424
nurse,18168812694.812275
developer,4373177733.51234
nurse,0.0038462234100298883
nurse,115435290475.0226
engineer,0.002975126202440742
scientist,118692062510.16315
engineer,0.0034586848284327808
engineer,380512921921.5797
scientist,0.0030383755463598084
developer,370818132291.2722
nurse,0.0030699452064833453
scientist,0.002680540903533299
engineer,6875022203.490695
scientist,0.002450516043830701
scientist,3949839261.8458147
scientist,0.0026122250325307226
scientist,0.002052384510168051
nurse,0.001805435736289656
manager,998737170.6777285
nurse,0.00297725018410802
developer,105024737143.58826
manager,0.0018711535283926742
scientist,0.002612377346263883
nurse,0.002601258200945488
manager,213632244621.2391
developer,3009243309.359207
engineer,116299410484.28323
developer,3009243309.3588376
developer,0.0022689062499998158
engineer,419131259576.2387
developer,1122572291755.5076
developer,0.0021980634085975548
developer,41497866523.38199
manager,0.0015229473670614418
manager,54566120655.689445
developer,0.0012869500553336446
developer,0.0019813133790623043
manager,0.0017347604040877048
developer,0.0012727131186177705
engineer,312202224413.3209
nurse,0.0019482727625285308
developer,0.001330587164717213
manager,0.0014077731677668236
manager,0.0022581297647438665
engineer,0.0016725726531341182
engineer,0.0012259188319479165
developer,0.001217039586272645
developer,0.0017579378330351532
manager,188035330769.01782
scientist,0.0013144249520156215
nurse,998737170.6765571
developer,0.001708351501523058
manager,0.0009122779229865471
engineer,0.0012624640836176257
nurse,0.001663190231407522
scientist,0.0017614579469315077
nurse,0.0012148257327368947
developer,0.0022566163790592644
scientist,0.0012510716019410407
engineer,0.001544070638009429
engineer,0.0009832470718463807
nurse,9694789630.309742
manager,0.0010231856339190553
scientist,0.0011487361846073936
manager,0.0013461450826593618
engineer,0.001578200315891829
scientist,0.0010588500619882358
manager,0.0013018128211810798
nurse,0.0018495426259835372
nurse,0.0010032063638937116
engineer,0.001464607532404359
manager,0.0009344658597424212
engineer,0.001316860945620864
manager,0.0012849615169542037
nurse,0.0011907379942185132
manager,0.0016594166791849036
nurse,0.0014307089823362203
scientist,0.001243071877409596
manager,741636264582.5419
scientist,0.0012763663315203515
manager,0.0012459773024250456
engineer,0.001143652210793988
scientist,0.0013834364586225905
developer,0.0012750060401666397
engineer,15338939757.707533
scientist,179779599.56993723
nurse,0.0023689286713301293
nurse,0.0007386177322439433
scientist,0.000901157762607668
engineer,0.0009026707748983005
developer,0.0010507902224667028
developer,0.0008642347106467378
nurse,0.0012444617135997655
scientist,0.0013515689757745667
engineer,0.0009305666829293324
nurse,0.0010360575663549089
developer,0.0010769501535785287
scientist,0.0009090784890482469
developer,0.0008508601834438078
nurse,0.0009476044566536297
developer,15338939757.70774
nurse,0.0011444829958762637
nurse,0.0008344016583367249
developer,0.0008883591540624732
scientist,0.001196206141654091
scientist,0.0012505832319543362
scientist,0.0
engineer,0.0019267005970316216
developer,0.0012490814722667391
manager,0.0013451822003113312
manager,0.0007088496240746316
manager,0.0009928549456398982
developer,0.0013227064435937315
scientist,0.0006991165331323677
manager,0.0008016445601527184
manager,0.0008966478712500034
engineer,9694789630.307783
engineer,0.0009245699015713016
nurse,0.0013014790093109055
manager,0.0008699202159129419
scientist,0.0009662710214822897
developer,0.0015320215230045652
developer,0.0013306768156804627
engineer,0.0008905117423633226
developer,0.00113389864498069
nurse,0.0005414222824255489
manager,0.0009354784477661169
manager,0.0008685103727349763
engineer,0.0012626798015514336
nurse,0.0008468696385435252
developer,94940182111.07819
developer,0.0009249727491196495
nurse,0.0005552461447700369
manager,10410553331.434881
manager,0.000775231807158174
manager,0.000745923421081849
engineer,205595357975.28488
manager,0.00117342519386828
scientist,0.0009324689920884547
manager,0.0014105334037503147
manager,0.0011783799044655255
manager,0.000779560141802016
engineer,0.0013938656926474895
developer,9694789630.307592
nurse,0.00042823255708849764
nurse,0.0006397149058623187
nurse,0.0005954605956458158
manager,0.0006795288357581633
manager,0.000840831513640275
scientist,0.0008703950901357368
scientist,179779599.5700634
nurse,0.0005150308204930885
manager,0.0007197669431147898
nurse,0.0011343500022456983
developer,0.000822384463517478
engineer,0.0008710517332647418
engineer,0.000920732767150099
manager,0.0006526307712358916
nurse,7342681015.592294
engineer,0.0006794662749217941
manager,0.0016255593344475002
nurse,23958224517.27811
scientist,4373177733.509425
engineer,0.0007562770344288589
engineer,0.0007347881682879272
engineer,21359228373.204903
nurse,0.0007494596443531099
manager,0.000978836995471346
scientist,0.0007567142161386316
developer,0.0006957439249186936
developer,0.000405904932527587
manager,0.0018253417554652167
nurse,0.0007816878254043317
scientist,0.0008538474025136646
scientist,0.0005062936955217629
nurse,0.001444148839121549
developer,0.00079155748454154
manager,0.000441379852212943
nurse,0.0006573070958605565
manager,0.0008622747014881201
developer,0.0005543606157590302
nurse,0.0006550796575239415
engineer,0.0007465468344987469
nurse,0.0008664576621683503
scientist,0.001014513057496126
developer,0.0005306932295970751
engineer,18168812694.809063
developer,0.0006980209745657585
developer,0.0006627141855367861
developer,0.0009154636512157958
scientist,0.0017850287417998597
engineer,0.0006015306714651079
nurse,0.0006386822070917816
nurse,0.0006940835993001104
nurse,0.0004944930695752997
manager,0.00029040071237733536
scientist,7342681015.592228
manager,0.0005342488007882111
manager,0.0010913377129388878
engineer,0.0008632791654040433
nurse,0.0007649350200178358
engineer,0.0005677573489428304
scientist,0.0
developer,0.0005728269188048981
manager,0.0004706347716971331
engineer,741636264582.5404
nurse,0.00030656155148724986
manager,0.0006863869445806628
nurse,0.0007021559752733495
engineer,0.00024564536881130984
nurse,0.00039133396169212925
scientist,0.001148784826643408
scientist,0.0004300509146259483
developer,0.00045909484303952676
nurse,0.0005191703911401344
manager,0.0007099513109424149
developer,0.0009438422943994144
developer,0.0006698747081946896
manager,0.0007819342189995986
developer,0.000443447959195284
nurse,0.0008576839806597658
scientist,22137285738.474308
engineer,0.0006141067516261685
engineer,10117894881.695942
engineer,0.0006750501897939715
developer,0.000686471657400904
engineer,0.0010287192863239058
developer,0.0003111132876220513
developer,0.00043326253166250847
scientist,0.0005580517717293687
developer,0.000678991116828467
nurse,12119578973.496847
manager,0.0005608744601311427
nurse,0.0005468153362767089
manager,0.0007928875518317691
developer,0.00038450890361597137
manager,0.0005830767705883584
scientist,0.0007155404976848112
developer,0.000641660634497225
manager,0.0003642679621857724
scientist,0.0005770743792697109
developer,0.0010650149504777423
manager,0.0010594261628062366
engineer,0.0010061202986435345
manager,0.00042225572005616147
nurse,0.00022646516896484976
developer,0.0006288269123270029
manager,0.00045455789205646284
nurse,0.0007744717575585844
nurse,0.0007379787494483063
scientist,0.0008365873487102153
manager,0.000752382165640423
engineer,12256045457.26997
engineer,0.000897723722250885
nurse,0.000735545782019084
developer,23958224517.277832
engineer,0.00031121043819653756
nurse,0.00027473623406040016
manager,0.0008553009677567565
scientist,0.0009807461136542206
developer,0.00033564466093625864
scientist,0.0006041013568863575
developer,0.0007877107389826385
scientist,0.0007570806213474608
manager,0.000496619500314653
engineer,0.0006248562746458945
scientist,0.00024285006762835996
scientist,0.000521540000365107
engineer,0.0006131411306547197
scientist,0.0008414539990536394
nurse,0.00042668699394492063
nurse,0.00086302183563574
engineer,0.0005798793896811399
developer,0.00040961648089110706
engineer,0.0010748397086909787
manager,0.0004459394560665031
nurse,0.000623552820961543
scientist,12119578973.496876
scientist,0.00044329275972805615
manager,0.0004710114057026317
engineer,0.0005227639913367721
nurse,0.000628318923917865
nurse,0.0007359902001041125
developer,12256045457.269775
engineer,0.00042617083229710555
engineer,1112454396873.8105
manager,0.0006560372401413491
engineer,0.0006461464968336505
scientist,0.00034474177363852545
scientist,0.0005197721973156949
nurse,0.00035476742030295864
developer,0.0003724051966633397
engineer,0.0002909329013509716
developer,0.0002731009123513529
developer,0.0002120218795584918
engineer,0.0002767289007124741
nurse,0.0006736482663935126
developer,0.0004079589868390995
nurse,0.0
developer,0.0009003985080235168
manager,22137285738.47411
developer,0.0005140127738502473
manager,0.00041397910548701813
scientist,0.0003093424249195874
manager,0.0007116047582013624
manager,0.0005057510191507241
developer,0.0006089165115818541
scientist,0.00045027911941073086
scientist,0.0007687031526877802
developer,31470452195.0302
engineer,0.0005418323259684857
manager,0.0007832221297066389
nurse,0.000510240168004432
nurse,0.0005778251471153284
developer,0.0003433317072949577
nurse,0.0006187484253033355
nurse,0.0005725485343738105
scientist,0.000853121921455012
manager,0.000279973085611018
developer,0.0007598812447587866
scientist,0.0006744884278781397
developer,0.0008924239876676368
manager,0.00029098033514704904
engineer,0.0008357724865619481
engineer,0.00036392299462141347
nurse,0.0006040684268242322
manager,0.00046591895376230856
nurse,0.0002632480574665749
manager,0.000349517390067287
nurse,0.0002164003749623094
nurse,0.0005446346398303227
engineer,0.0007669678693051897
engineer,0.0004508289500517097
manager,0.0004102570829183925
nurse,0.0006457230737157547
nurse,0.0006158447991743034
scientist,0.0007360297036355214
nurse,0.0005109030902402941
manager,0.00021898665750167716
developer,0.0005789174640993879
engineer,0.00031196439950343123
nurse,0.0005189106182104529
scientist,0.0003587364810978984
engineer,0.0005077492083342466
manager,0.00029464356676271893
engineer,0.0006925468711590047
nurse,0.00046560248537108866
engineer,0.00026182106875231946
engineer,0.00041604506723417627
nurse,0.00041439118247612943
developer,0.0003386090831148991
developer,0.0005721312872063434
manager,0.00036064635012928066
engineer,0.0004000164903477335
engineer,0.0004215663168188749
nurse,0.0008554283733874402
manager,0.00034667323436477605
engineer,0.00017470813414786408
nurse,0.0005160132765663992
nurse,0.00033874394496010395
engineer,0.0005118521213042422
manager,0.00036115639556685576
developer,0.00427378159736958
developer,0.00427378159736958
nurse,0.00427378159736958
nurse,0.00427378159736958
scientist,0.00427378159736958
engineer,0.00427378159736958
manager,0.00427378159736958
engineer,0.00427378159736958
developer,0.00427378159736958
manager,0.00427378159736958
engineer,0.00427378159736958
engineer,0.00427378159736958
developer,0.00427378159736958
developer,0.00427378159736958
manager,0.00427378159736958
nurse,0.00427378159736958
engineer,0.00427378159736958
developer,0.00427378159736958
manager,0.00427378159736958
nurse,0.00427378159736958
developer,0.00427378159736958
manager,0.00427378159736958
manager,0.00427378159736958
engineer,0.00427378159736958
engineer,0.00427378159736958
engineer,0.00427378159736958
manager,0.00427378159736958
nurse,0.00427378159736958
manager,0.00427378159736958
engineer,0.00427378159736958
nurse,0.00427378159736958
scientist,0.00427378159736958
developer,0.00427378159736958
nurse,0.00427378159736958
engineer,0.00427378159736958
engineer,0.00427378159736958
scientist,0.00427378159736958
scientist,0.00427378159736958
engineer,0.00427378159736958
nurse,0.00427378159736958
engineer,0.00427378159736958
developer,0.00427378159736958
developer,0.00427378159736958
manager,0.00427378159736958
engineer,0.00427378159736958
scientist,0.00427378159736958
scientist,0.00427378159736958
nurse,0.00427378159736958
developer,0.00427378159736958
developer,0.00427378159736958
developer,0.00427378159736958
engineer,0.00427378159736958
manager,0.00427378159736958
nurse,0.00427378159736958
manager,0.00427378159736958
nurse,0.00427378159736958
developer,0.00427378159736958
developer,0.00427378159736958
manager,0.00427378159736958
nurse,0.00427378159736958
developer,0.00427378159736958
engineer,0.00427378159736958
scientist,0.00427378159736958
nurse,0.00427378159736958
nurse,0.00427378159736958
developer,0.00427378159736958
manager,0.00427378159736958
engineer,0.00427378159736958
engineer,0.00427378159736958
manager,0.00427378159736958
manager,0.00427378159736958
nurse,0.00427378159736958
manager,0.00427378159736958
developer,0.00427378159736958
nurse,0.00427378159736958
scientist,0.00427378159736958
developer,0.00427378159736958
manager,0.00427378159736958
manager,0.00427378159736958
developer,0.00427378159736958
developer,0.00427378159736958
manager,0.00427378159736958
manager,0.00427378159736958
scientist,0.00427378159736958
engineer,0.00427378159736958
nurse,0.00427378159736958
scientist,0.00427378159736958
engineer,0.00427378159736958
nurse,0.00427378159736958
manager,0.00427378159736958
manager,0.00427378159736958
scientist,0.00427378159736958
scientist,0.00427378159736958
manager,0.00427378159736958
manager,0.00427378159736958
scientist,0.00427378159736958
scientist,0.00427378159736958
engineer,0.00427378159736958
scientist,0.00427378159736958
developer,0.00427378159736958
scientist,0.00427378159736958
nurse,0.00427378159736958
engineer,0.00427378159736958
developer,0.00427378159736958
developer,0.00427378159736958
engineer,0.00427378159736958
nurse,0.00427378159736958
scientist,0.00427378159736958
manager,0.00427378159736958
nurse,0.00427378159736958
manager,0.00427378159736958
manager,0.00427378159736958
nurse,0.00427378159736958
nurse,0.00427378159736958
engineer,0.00427378159736958
nurse,0.00427378159736958
manager,0.00427378159736958
developer,0.00427378159736958
engineer,0.00427378159736958
manager,0.00427378159736958
developer,0.00427378159736958
scientist,0.00427378159736958
scientist,0.00427378159736958
developer,0.00427378159736958
manager,0.00427378159736958
developer,0.00427378159736958
engineer,0.00427378159736958
engineer,0.00427378159736958
manager,0.00427378159736958
manager,0.00427378159736958
manager,0.00427378159736958
engineer,0.00427378159736958
engineer,0.00427378159736958
developer,0.00427378159736958
developer,0.00427378159736958
nurse,0.00427378159736958
manager,0.00427378159736958
engineer,0.00427378159736958
manager,0.00427378159736958
developer,0.00427378159736958
scientist,0.00427378159736958
manager,0.00427378159736958
manager,0.00427378159736958
developer,0.00427378159736958
nurse,0.00427378159736958
developer,0.00427378159736958
scientist,0.00427378159736958
manager,0.00427378159736958
scientist,0.00427378159736958
engineer,0.00427378159736958
manager,0.00427378159736958
nurse,0.00427378159736958
manager,0.00427378159736958
scientist,0.00427378159736958
manager,0.00427378159736958
manager,0.00427378159736958
manager,0.00427378159736958
developer,0.00427378159736958
scientist,0.00427378159736958
engineer,0.00427378159736958
engineer,0.00427378159736958
scientist,0.00427378159736958
nurse,0.00427378159736958
scientist,0.00427378159736958
scientist,0.00427378159736958
developer,0.00427378159736958
manager,0.00427378159736958
developer,0.00427378159736958
manager,0.00427378159736958
manager,0.00427378159736958
manager,0.00427378159736958
nurse,0.00427378159736958
scientist,0.00427378159736958
manager,0.00427378159736958
nurse,0.00427378159736958
developer,0.00427378159736958
engineer,0.00427378159736958
nurse,0.00427378159736958
nurse,0.00427378159736958
manager,0.00427378159736958
scientist,0.00427378159736958
developer,0.00427378159736958
engineer,0.00427378159736958
manager,0.00427378159736958
developer,0.00427378159736958
manager,0.00427378159736958
developer,0.00427378159736958
scientist,0.00427378159736958
developer,0.00427378159736958
nurse,0.00427378159736958
scientist,0.00427378159736958
engineer,0.00427378159736958
developer,0.00427378159736958
scientist,0.00427378159736958
nurse,0.00427378159736958
scientist,0.00427378159736958
manager,0.00427378159736958
engineer,0.00427378159736958
nurse,0.00427378159736958
scientist,0.00427378159736958
manager,0.00427378159736958
developer,0.00427378159736958
manager,0.00427378159736958
developer,0.00427378159736958
developer,0.00427378159736958
developer,0.00427378159736958
engineer,0.00427378159736958
engineer,0.00427378159736958
scientist,0.00427378159736958
developer,0.00427378159736958
developer,0.00427378159736958
scientist,0.00427378159736958
scientist,0.00427378159736958
engineer,0.00427378159736958
developer,0.00427378159736958
nurse,0.00427378159736958
developer,0.00427378159736958
