cam_entropy,cam_mean,cam_std,cam_max,cam_sparsity,pred_conf,pred_class,filename,true_label
8.089003,0.00024414062,0.00013274816,0.00038152313,0.0947265625,1.0,0,doctor_0.png,doctor
8.089003,0.00024414062,0.00013274816,0.00038152313,0.0947265625,1.0,0,doctor_1.png,doctor
8.089003,0.00024414062,0.00013274816,0.00038152313,0.0947265625,1.0,0,doctor_2.png,doctor
8.089003,0.00024414062,0.00013274816,0.00038152313,0.0947265625,1.0,0,doctor_3.png,doctor
8.089003,0.00024414062,0.00013274816,0.00038152313,0.0947265625,1.0,0,doctor_4.png,doctor
8.089003,0.00024414062,0.00013274816,0.00038152313,0.0947265625,1.0,0,doctor_5.png,doctor
8.089003,0.00024414062,0.00013274816,0.00038152313,0.0947265625,1.0,0,doctor_6.png,doctor
8.089003,0.00024414062,0.00013274816,0.00038152313,0.0947265625,1.0,0,doctor_7.png,doctor
8.089003,0.00024414062,0.00013274816,0.00038152313,0.0947265625,1.0,0,doctor_8.png,doctor
8.089003,0.00024414062,0.00013274816,0.00038152313,0.0947265625,1.0,0,doctor_9.png,doctor
8.089003,0.00024414062,0.00013274816,0.00038152313,0.0947265625,1.0,0,doctor_10.png,doctor
8.089003,0.00024414062,0.00013274816,0.00038152313,0.0947265625,1.0,0,doctor_11.png,doctor
8.089003,0.00024414062,0.00013274816,0.00038152313,0.0947265625,1.0,0,doctor_12.png,doctor
8.089003,0.00024414062,0.00013274816,0.00038152313,0.0947265625,1.0,0,doctor_13.png,doctor
8.089003,0.00024414062,0.00013274816,0.00038152313,0.0947265625,1.0,0,doctor_14.png,doctor
8.089003,0.00024414062,0.00013274816,0.00038152313,0.0947265625,1.0,0,doctor_15.png,doctor
8.089003,0.00024414062,0.00013274816,0.00038152313,0.0947265625,1.0,0,doctor_16.png,doctor
8.089003,0.00024414062,0.00013274816,0.00038152313,0.0947265625,1.0,0,doctor_17.png,doctor
8.089003,0.00024414062,0.00013274816,0.00038152313,0.0947265625,1.0,0,doctor_18.png,doctor
8.089003,0.00024414062,0.00013274816,0.00038152313,0.0947265625,1.0,0,doctor_19.png,doctor
8.089003,0.00024414062,0.00013274816,0.00038152313,0.0947265625,1.0,0,doctor_20.png,doctor
8.089003,0.00024414062,0.00013274816,0.00038152313,0.0947265625,1.0,0,doctor_21.png,doctor
8.089003,0.00024414062,0.00013274816,0.00038152313,0.0947265625,1.0,0,doctor_22.png,doctor
8.089003,0.00024414062,0.00013274816,0.00038152313,0.0947265625,1.0,0,doctor_23.png,doctor
8.089003,0.00024414062,0.00013274816,0.00038152313,0.0947265625,1.0,0,doctor_24.png,doctor
8.089003,0.00024414062,0.00013274816,0.00038152313,0.0947265625,1.0,0,doctor_25.png,doctor
8.089003,0.00024414062,0.00013274816,0.00038152313,0.0947265625,1.0,0,doctor_26.png,doctor
8.089003,0.00024414062,0.00013274816,0.00038152313,0.0947265625,1.0,0,doctor_27.png,doctor
8.089003,0.00024414062,0.00013274816,0.00038152313,0.0947265625,1.0,0,doctor_28.png,doctor
8.089003,0.00024414062,0.00013274816,0.00038152313,0.0947265625,1.0,0,doctor_29.png,doctor
8.089003,0.00024414062,0.00013274816,0.00038152313,0.0947265625,1.0,0,doctor_30.png,doctor
8.089003,0.00024414062,0.00013274816,0.00038152313,0.0947265625,1.0,0,doctor_31.png,doctor
8.089003,0.00024414062,0.00013274816,0.00038152313,0.0947265625,1.0,0,doctor_32.png,doctor
8.089003,0.00024414062,0.00013274816,0.00038152313,0.0947265625,1.0,0,doctor_33.png,doctor
8.089003,0.00024414062,0.00013274816,0.00038152313,0.0947265625,1.0,0,doctor_34.png,doctor
8.089003,0.00024414062,0.00013274816,0.00038152313,0.0947265625,1.0,0,doctor_35.png,doctor
8.089003,0.00024414062,0.00013274816,0.00038152313,0.0947265625,1.0,0,doctor_36.png,doctor
8.089003,0.00024414062,0.00013274816,0.00038152313,0.0947265625,1.0,0,doctor_37.png,doctor
8.089003,0.00024414062,0.00013274816,0.00038152313,0.0947265625,1.0,0,doctor_38.png,doctor
8.089003,0.00024414062,0.00013274816,0.00038152313,0.0947265625,1.0,0,doctor_39.png,doctor
8.089003,0.00024414062,0.00013274816,0.00038152313,0.0947265625,1.0,0,doctor_40.png,doctor
8.089003,0.00024414062,0.00013274816,0.00038152313,0.0947265625,1.0,0,doctor_41.png,doctor
8.089003,0.00024414062,0.00013274816,0.00038152313,0.0947265625,1.0,0,doctor_42.png,doctor
8.089003,0.00024414062,0.00013274816,0.00038152313,0.0947265625,1.0,0,doctor_43.png,doctor
8.089003,0.00024414062,0.00013274816,0.00038152313,0.0947265625,1.0,0,doctor_44.png,doctor
8.089003,0.00024414062,0.00013274816,0.00038152313,0.0947265625,1.0,0,doctor_45.png,doctor
8.089003,0.00024414062,0.00013274816,0.00038152313,0.0947265625,1.0,0,doctor_46.png,doctor
8.089003,0.00024414062,0.00013274816,0.00038152313,0.0947265625,1.0,0,doctor_47.png,doctor
8.089003,0.00024414062,0.00013274816,0.00038152313,0.0947265625,1.0,0,doctor_48.png,doctor
8.089003,0.00024414062,0.00013274816,0.00038152313,0.0947265625,1.0,0,doctor_49.png,doctor
8.089003,0.00024414062,0.00013274816,0.00038152313,0.0947265625,1.0,0,doctor_50.png,doctor
8.089003,0.00024414062,0.00013274816,0.00038152313,0.0947265625,1.0,0,doctor_51.png,doctor
8.089003,0.00024414062,0.00013274816,0.00038152313,0.0947265625,1.0,0,doctor_52.png,doctor
8.089003,0.00024414062,0.00013274816,0.00038152313,0.0947265625,1.0,0,doctor_53.png,doctor
8.089003,0.00024414062,0.00013274816,0.00038152313,0.0947265625,1.0,0,doctor_54.png,doctor
8.089003,0.00024414062,0.00013274816,0.00038152313,0.0947265625,1.0,0,doctor_55.png,doctor
8.089003,0.00024414062,0.00013274816,0.00038152313,0.0947265625,1.0,0,doctor_56.png,doctor
8.089003,0.00024414062,0.00013274816,0.00038152313,0.0947265625,1.0,0,doctor_57.png,doctor
8.089003,0.00024414062,0.00013274816,0.00038152313,0.0947265625,1.0,0,doctor_58.png,doctor
8.089003,0.00024414062,0.00013274816,0.00038152313,0.0947265625,1.0,0,doctor_59.png,doctor
8.089003,0.00024414062,0.00013274816,0.00038152313,0.0947265625,1.0,0,doctor_60.png,doctor
8.089003,0.00024414062,0.00013274816,0.00038152313,0.0947265625,1.0,0,doctor_61.png,doctor
8.089003,0.00024414062,0.00013274816,0.00038152313,0.0947265625,1.0,0,doctor_62.png,doctor
8.089003,0.00024414062,0.00013274816,0.00038152313,0.0947265625,1.0,0,doctor_63.png,doctor
8.089003,0.00024414062,0.00013274816,0.00038152313,0.0947265625,1.0,0,doctor_64.png,doctor
8.089003,0.00024414062,0.00013274816,0.00038152313,0.0947265625,1.0,0,doctor_65.png,doctor
8.089003,0.00024414062,0.00013274816,0.00038152313,0.0947265625,1.0,0,doctor_66.png,doctor
8.089003,0.00024414062,0.00013274816,0.00038152313,0.0947265625,1.0,0,doctor_67.png,doctor
8.089003,0.00024414062,0.00013274816,0.00038152313,0.0947265625,1.0,0,doctor_68.png,doctor
8.089003,0.00024414062,0.00013274816,0.00038152313,0.0947265625,1.0,0,doctor_69.png,doctor
8.089003,0.00024414062,0.00013274816,0.00038152313,0.0947265625,1.0,0,doctor_70.png,doctor
8.089003,0.00024414062,0.00013274816,0.00038152313,0.0947265625,1.0,0,doctor_71.png,doctor
8.089003,0.00024414062,0.00013274816,0.00038152313,0.0947265625,1.0,0,doctor_72.png,doctor
8.089003,0.00024414062,0.00013274816,0.00038152313,0.0947265625,1.0,0,doctor_73.png,doctor
8.089003,0.00024414062,0.00013274816,0.00038152313,0.0947265625,1.0,0,doctor_74.png,doctor
8.089003,0.00024414062,0.00013274816,0.00038152313,0.0947265625,1.0,0,doctor_75.png,doctor
8.089003,0.00024414062,0.00013274816,0.00038152313,0.0947265625,1.0,0,doctor_76.png,doctor
8.089003,0.00024414062,0.00013274816,0.00038152313,0.0947265625,1.0,0,doctor_77.png,doctor
8.089003,0.00024414062,0.00013274816,0.00038152313,0.0947265625,1.0,0,doctor_78.png,doctor
8.089003,0.00024414062,0.00013274816,0.00038152313,0.0947265625,1.0,0,doctor_79.png,doctor
8.089003,0.00024414062,0.00013274816,0.00038152313,0.0947265625,1.0,0,doctor_80.png,doctor
8.089003,0.00024414062,0.00013274816,0.00038152313,0.0947265625,1.0,0,doctor_81.png,doctor
8.089003,0.00024414062,0.00013274816,0.00038152313,0.0947265625,1.0,0,doctor_82.png,doctor
8.089003,0.00024414062,0.00013274816,0.00038152313,0.0947265625,1.0,0,doctor_83.png,doctor
8.089003,0.00024414062,0.00013274816,0.00038152313,0.0947265625,1.0,0,doctor_84.png,doctor
8.089003,0.00024414062,0.00013274816,0.00038152313,0.0947265625,1.0,0,doctor_85.png,doctor
8.089003,0.00024414062,0.00013274816,0.00038152313,0.0947265625,1.0,0,doctor_86.png,doctor
8.089003,0.00024414062,0.00013274816,0.00038152313,0.0947265625,1.0,0,doctor_87.png,doctor
8.089003,0.00024414062,0.00013274816,0.00038152313,0.0947265625,1.0,0,doctor_88.png,doctor
8.089003,0.00024414062,0.00013274816,0.00038152313,0.0947265625,1.0,0,doctor_89.png,doctor
8.089003,0.00024414062,0.00013274816,0.00038152313,0.0947265625,1.0,0,doctor_90.png,doctor
8.089003,0.00024414062,0.00013274816,0.00038152313,0.0947265625,1.0,0,doctor_91.png,doctor
8.089003,0.00024414062,0.00013274816,0.00038152313,0.0947265625,1.0,0,doctor_92.png,doctor
8.089003,0.00024414062,0.00013274816,0.00038152313,0.0947265625,1.0,0,doctor_93.png,doctor
8.089003,0.00024414062,0.00013274816,0.00038152313,0.0947265625,1.0,0,doctor_94.png,doctor
8.089003,0.00024414062,0.00013274816,0.00038152313,0.0947265625,1.0,0,doctor_95.png,doctor
8.089003,0.00024414062,0.00013274816,0.00038152313,0.0947265625,1.0,0,doctor_96.png,doctor
8.089003,0.00024414062,0.00013274816,0.00038152313,0.0947265625,1.0,0,doctor_97.png,doctor
8.089003,0.00024414062,0.00013274816,0.00038152313,0.0947265625,1.0,0,doctor_98.png,doctor
8.089003,0.00024414062,0.00013274816,0.00038152313,0.0947265625,1.0,0,doctor_99.png,doctor
8.089003,0.00024414062,0.00013274816,0.00038152313,0.0947265625,1.0,0,doctor_100.png,doctor
8.089003,0.00024414062,0.00013274816,0.00038152313,0.0947265625,1.0,0,doctor_101.png,doctor
8.089003,0.00024414062,0.00013274816,0.00038152313,0.0947265625,1.0,0,doctor_102.png,doctor
8.089003,0.00024414062,0.00013274816,0.00038152313,0.0947265625,1.0,0,doctor_103.png,doctor
8.089003,0.00024414062,0.00013274816,0.00038152313,0.0947265625,1.0,0,doctor_104.png,doctor
8.089003,0.00024414062,0.00013274816,0.00038152313,0.0947265625,1.0,0,doctor_105.png,doctor
8.089003,0.00024414062,0.00013274816,0.00038152313,0.0947265625,1.0,0,doctor_106.png,doctor
8.089003,0.00024414062,0.00013274816,0.00038152313,0.0947265625,1.0,0,doctor_107.png,doctor
8.089003,0.00024414062,0.00013274816,0.00038152313,0.0947265625,1.0,0,doctor_108.png,doctor
8.089003,0.00024414062,0.00013274816,0.00038152313,0.0947265625,1.0,0,doctor_109.png,doctor
8.089003,0.00024414062,0.00013274816,0.00038152313,0.0947265625,1.0,0,doctor_110.png,doctor
8.089003,0.00024414062,0.00013274816,0.00038152313,0.0947265625,1.0,0,doctor_111.png,doctor
8.089003,0.00024414062,0.00013274816,0.00038152313,0.0947265625,1.0,0,doctor_112.png,doctor
8.089003,0.00024414062,0.00013274816,0.00038152313,0.0947265625,1.0,0,doctor_113.png,doctor
8.089003,0.00024414062,0.00013274816,0.00038152313,0.0947265625,1.0,0,doctor_114.png,doctor
8.089003,0.00024414062,0.00013274816,0.00038152313,0.0947265625,1.0,0,doctor_115.png,doctor
8.089003,0.00024414062,0.00013274816,0.00038152313,0.0947265625,1.0,0,doctor_116.png,doctor
8.089003,0.00024414062,0.00013274816,0.00038152313,0.0947265625,1.0,0,doctor_117.png,doctor
8.089003,0.00024414062,0.00013274816,0.00038152313,0.0947265625,1.0,0,doctor_118.png,doctor
8.089003,0.00024414062,0.00013274816,0.00038152313,0.0947265625,1.0,0,doctor_119.png,doctor
8.089003,0.00024414062,0.00013274816,0.00038152313,0.0947265625,1.0,0,doctor_120.png,doctor
8.089003,0.00024414062,0.00013274816,0.00038152313,0.0947265625,1.0,0,doctor_121.png,doctor
8.089003,0.00024414062,0.00013274816,0.00038152313,0.0947265625,1.0,0,doctor_122.png,doctor
8.089003,0.00024414062,0.00013274816,0.00038152313,0.0947265625,1.0,0,doctor_123.png,doctor
8.089003,0.00024414062,0.00013274816,0.00038152313,0.0947265625,1.0,0,doctor_124.png,doctor
8.089003,0.00024414062,0.00013274816,0.00038152313,0.0947265625,1.0,0,doctor_125.png,doctor
8.089003,0.00024414062,0.00013274816,0.00038152313,0.0947265625,1.0,0,doctor_126.png,doctor
8.089003,0.00024414062,0.00013274816,0.00038152313,0.0947265625,1.0,0,doctor_127.png,doctor
8.089003,0.00024414062,0.00013274816,0.00038152313,0.0947265625,1.0,0,doctor_128.png,doctor
8.089003,0.00024414062,0.00013274816,0.00038152313,0.0947265625,1.0,0,doctor_129.png,doctor
8.089003,0.00024414062,0.00013274816,0.00038152313,0.0947265625,1.0,0,doctor_130.png,doctor
8.089003,0.00024414062,0.00013274816,0.00038152313,0.0947265625,1.0,0,doctor_131.png,doctor
8.089003,0.00024414062,0.00013274816,0.00038152313,0.0947265625,1.0,0,doctor_132.png,doctor
8.089003,0.00024414062,0.00013274816,0.00038152313,0.0947265625,1.0,0,doctor_133.png,doctor
8.089003,0.00024414062,0.00013274816,0.00038152313,0.0947265625,1.0,0,doctor_134.png,doctor
8.089003,0.00024414062,0.00013274816,0.00038152313,0.0947265625,1.0,0,doctor_135.png,doctor
8.089003,0.00024414062,0.00013274816,0.00038152313,0.0947265625,1.0,0,doctor_136.png,doctor
8.089003,0.00024414062,0.00013274816,0.00038152313,0.0947265625,1.0,0,doctor_137.png,doctor
8.089003,0.00024414062,0.00013274816,0.00038152313,0.0947265625,1.0,0,doctor_138.png,doctor
8.089003,0.00024414062,0.00013274816,0.00038152313,0.0947265625,1.0,0,doctor_139.png,doctor
8.089003,0.00024414062,0.00013274816,0.00038152313,0.0947265625,1.0,0,doctor_140.png,doctor
8.089003,0.00024414062,0.00013274816,0.00038152313,0.0947265625,1.0,0,doctor_141.png,doctor
8.089003,0.00024414062,0.00013274816,0.00038152313,0.0947265625,1.0,0,doctor_142.png,doctor
8.089003,0.00024414062,0.00013274816,0.00038152313,0.0947265625,1.0,0,doctor_143.png,doctor
8.089003,0.00024414062,0.00013274816,0.00038152313,0.0947265625,1.0,0,doctor_144.png,doctor
8.089003,0.00024414062,0.00013274816,0.00038152313,0.0947265625,1.0,0,doctor_145.png,doctor
8.089003,0.00024414062,0.00013274816,0.00038152313,0.0947265625,1.0,0,doctor_146.png,doctor
8.089003,0.00024414062,0.00013274816,0.00038152313,0.0947265625,1.0,0,doctor_147.png,doctor
8.089003,0.00024414062,0.00013274816,0.00038152313,0.0947265625,1.0,0,doctor_148.png,doctor
8.089003,0.00024414062,0.00013274816,0.00038152313,0.0947265625,1.0,0,doctor_149.png,doctor
8.089003,0.00024414062,0.00013274816,0.00038152313,0.0947265625,1.0,0,doctor_150.png,doctor
8.089003,0.00024414062,0.00013274816,0.00038152313,0.0947265625,1.0,0,doctor_151.png,doctor
8.089003,0.00024414062,0.00013274816,0.00038152313,0.0947265625,1.0,0,doctor_152.png,doctor
8.089003,0.00024414062,0.00013274816,0.00038152313,0.0947265625,1.0,0,doctor_153.png,doctor
8.089003,0.00024414062,0.00013274816,0.00038152313,0.0947265625,1.0,0,doctor_154.png,doctor
8.089003,0.00024414062,0.00013274816,0.00038152313,0.0947265625,1.0,0,doctor_155.png,doctor
8.089003,0.00024414062,0.00013274816,0.00038152313,0.0947265625,1.0,0,doctor_156.png,doctor
8.089003,0.00024414062,0.00013274816,0.00038152313,0.0947265625,1.0,0,doctor_157.png,doctor
8.089003,0.00024414062,0.00013274816,0.00038152313,0.0947265625,1.0,0,doctor_158.png,doctor
8.089003,0.00024414062,0.00013274816,0.00038152313,0.0947265625,1.0,0,doctor_159.png,doctor
8.089003,0.00024414062,0.00013274816,0.00038152313,0.0947265625,1.0,0,doctor_160.png,doctor
8.089003,0.00024414062,0.00013274816,0.00038152313,0.0947265625,1.0,0,doctor_161.png,doctor
8.089003,0.00024414062,0.00013274816,0.00038152313,0.0947265625,1.0,0,doctor_162.png,doctor
8.089003,0.00024414062,0.00013274816,0.00038152313,0.0947265625,1.0,0,doctor_163.png,doctor
8.089003,0.00024414062,0.00013274816,0.00038152313,0.0947265625,1.0,0,doctor_164.png,doctor
8.089003,0.00024414062,0.00013274816,0.00038152313,0.0947265625,1.0,0,doctor_165.png,doctor
8.089003,0.00024414062,0.00013274816,0.00038152313,0.0947265625,1.0,0,doctor_166.png,doctor
8.089003,0.00024414062,0.00013274816,0.00038152313,0.0947265625,1.0,0,doctor_167.png,doctor
8.089003,0.00024414062,0.00013274816,0.00038152313,0.0947265625,1.0,0,doctor_168.png,doctor
8.089003,0.00024414062,0.00013274816,0.00038152313,0.0947265625,1.0,0,doctor_169.png,doctor
8.089003,0.00024414062,0.00013274816,0.00038152313,0.0947265625,1.0,0,doctor_170.png,doctor
8.089003,0.00024414062,0.00013274816,0.00038152313,0.0947265625,1.0,0,doctor_171.png,doctor
8.089003,0.00024414062,0.00013274816,0.00038152313,0.0947265625,1.0,0,doctor_172.png,doctor
8.089003,0.00024414062,0.00013274816,0.00038152313,0.0947265625,1.0,0,doctor_173.png,doctor
8.089003,0.00024414062,0.00013274816,0.00038152313,0.0947265625,1.0,0,doctor_174.png,doctor
8.089003,0.00024414062,0.00013274816,0.00038152313,0.0947265625,1.0,0,doctor_175.png,doctor
8.089003,0.00024414062,0.00013274816,0.00038152313,0.0947265625,1.0,0,doctor_176.png,doctor
8.089003,0.00024414062,0.00013274816,0.00038152313,0.0947265625,1.0,0,doctor_177.png,doctor
8.089003,0.00024414062,0.00013274816,0.00038152313,0.0947265625,1.0,0,doctor_178.png,doctor
8.089003,0.00024414062,0.00013274816,0.00038152313,0.0947265625,1.0,0,doctor_179.png,doctor
8.089003,0.00024414062,0.00013274816,0.00038152313,0.0947265625,1.0,0,doctor_180.png,doctor
8.089003,0.00024414062,0.00013274816,0.00038152313,0.0947265625,1.0,0,doctor_181.png,doctor
8.089003,0.00024414062,0.00013274816,0.00038152313,0.0947265625,1.0,0,doctor_182.png,doctor
8.089003,0.00024414062,0.00013274816,0.00038152313,0.0947265625,1.0,0,doctor_183.png,doctor
8.089003,0.00024414062,0.00013274816,0.00038152313,0.0947265625,1.0,0,doctor_184.png,doctor
8.089003,0.00024414062,0.00013274816,0.00038152313,0.0947265625,1.0,0,doctor_185.png,doctor
8.089003,0.00024414062,0.00013274816,0.00038152313,0.0947265625,1.0,0,doctor_186.png,doctor
8.089003,0.00024414062,0.00013274816,0.00038152313,0.0947265625,1.0,0,doctor_187.png,doctor
8.089003,0.00024414062,0.00013274816,0.00038152313,0.0947265625,1.0,0,doctor_188.png,doctor
8.089003,0.00024414062,0.00013274816,0.00038152313,0.0947265625,1.0,0,doctor_189.png,doctor
8.089003,0.00024414062,0.00013274816,0.00038152313,0.0947265625,1.0,0,doctor_190.png,doctor
8.089003,0.00024414062,0.00013274816,0.00038152313,0.0947265625,1.0,0,doctor_191.png,doctor
8.089003,0.00024414062,0.00013274816,0.00038152313,0.0947265625,1.0,0,doctor_192.png,doctor
8.089003,0.00024414062,0.00013274816,0.00038152313,0.0947265625,1.0,0,doctor_193.png,doctor
8.089003,0.00024414062,0.00013274816,0.00038152313,0.0947265625,1.0,0,doctor_194.png,doctor
8.089003,0.00024414062,0.00013274816,0.00038152313,0.0947265625,1.0,0,doctor_195.png,doctor
8.089003,0.00024414062,0.00013274816,0.00038152313,0.0947265625,1.0,0,doctor_196.png,doctor
8.089003,0.00024414062,0.00013274816,0.00038152313,0.0947265625,1.0,0,doctor_197.png,doctor
8.089003,0.00024414062,0.00013274816,0.00038152313,0.0947265625,1.0,0,doctor_198.png,doctor
8.089003,0.00024414062,0.00013274816,0.00038152313,0.0947265625,1.0,0,doctor_199.png,doctor
8.089003,0.00024414062,0.00013274816,0.00038152313,0.0947265625,1.0,0,doctor_200.png,doctor
8.089003,0.00024414062,0.00013274816,0.00038152313,0.0947265625,1.0,0,doctor_201.png,doctor
8.089003,0.00024414062,0.00013274816,0.00038152313,0.0947265625,1.0,0,doctor_202.png,doctor
8.089003,0.00024414062,0.00013274816,0.00038152313,0.0947265625,1.0,0,doctor_203.png,doctor
8.089003,0.00024414062,0.00013274816,0.00038152313,0.0947265625,1.0,0,doctor_204.png,doctor
8.089003,0.00024414062,0.00013274816,0.00038152313,0.0947265625,1.0,0,doctor_205.png,doctor
8.089003,0.00024414062,0.00013274816,0.00038152313,0.0947265625,1.0,0,doctor_206.png,doctor
8.089003,0.00024414062,0.00013274816,0.00038152313,0.0947265625,1.0,0,doctor_207.png,doctor
8.089003,0.00024414062,0.00013274816,0.00038152313,0.0947265625,1.0,0,doctor_208.png,doctor
8.089003,0.00024414062,0.00013274816,0.00038152313,0.0947265625,1.0,0,doctor_209.png,doctor
8.089003,0.00024414062,0.00013274816,0.00038152313,0.0947265625,1.0,0,doctor_210.png,doctor
8.089003,0.00024414062,0.00013274816,0.00038152313,0.0947265625,1.0,0,doctor_211.png,doctor
8.089003,0.00024414062,0.00013274816,0.00038152313,0.0947265625,1.0,0,doctor_212.png,doctor
8.089003,0.00024414062,0.00013274816,0.00038152313,0.0947265625,1.0,0,doctor_213.png,doctor
8.089003,0.00024414062,0.00013274816,0.00038152313,0.0947265625,1.0,0,doctor_214.png,doctor
8.089003,0.00024414062,0.00013274816,0.00038152313,0.0947265625,1.0,0,doctor_215.png,doctor
8.089003,0.00024414062,0.00013274816,0.00038152313,0.0947265625,1.0,0,doctor_216.png,doctor
8.089003,0.00024414062,0.00013274816,0.00038152313,0.0947265625,1.0,0,doctor_217.png,doctor
8.089003,0.00024414062,0.00013274816,0.00038152313,0.0947265625,1.0,0,doctor_218.png,doctor
8.089003,0.00024414062,0.00013274816,0.00038152313,0.0947265625,1.0,0,doctor_219.png,doctor
8.089003,0.00024414062,0.00013274816,0.00038152313,0.0947265625,1.0,0,doctor_220.png,doctor
8.089003,0.00024414062,0.00013274816,0.00038152313,0.0947265625,1.0,0,doctor_221.png,doctor
8.089003,0.00024414062,0.00013274816,0.00038152313,0.0947265625,1.0,0,doctor_222.png,doctor
8.089003,0.00024414062,0.00013274816,0.00038152313,0.0947265625,1.0,0,doctor_223.png,doctor
8.089003,0.00024414062,0.00013274816,0.00038152313,0.0947265625,1.0,0,doctor_224.png,doctor
8.089003,0.00024414062,0.00013274816,0.00038152313,0.0947265625,1.0,0,doctor_225.png,doctor
8.089003,0.00024414062,0.00013274816,0.00038152313,0.0947265625,1.0,0,doctor_226.png,doctor
8.089003,0.00024414062,0.00013274816,0.00038152313,0.0947265625,1.0,0,doctor_227.png,doctor
8.089003,0.00024414062,0.00013274816,0.00038152313,0.0947265625,1.0,0,doctor_228.png,doctor
8.089003,0.00024414062,0.00013274816,0.00038152313,0.0947265625,1.0,0,doctor_229.png,doctor
8.089003,0.00024414062,0.00013274816,0.00038152313,0.0947265625,1.0,0,doctor_230.png,doctor
8.089003,0.00024414062,0.00013274816,0.00038152313,0.0947265625,1.0,0,doctor_231.png,doctor
8.089003,0.00024414062,0.00013274816,0.00038152313,0.0947265625,1.0,0,doctor_232.png,doctor
8.089003,0.00024414062,0.00013274816,0.00038152313,0.0947265625,1.0,0,doctor_233.png,doctor
8.089003,0.00024414062,0.00013274816,0.00038152313,0.0947265625,1.0,0,doctor_234.png,doctor
8.089003,0.00024414062,0.00013274816,0.00038152313,0.0947265625,1.0,0,doctor_235.png,doctor
8.089003,0.00024414062,0.00013274816,0.00038152313,0.0947265625,1.0,0,doctor_236.png,doctor
8.089003,0.00024414062,0.00013274816,0.00038152313,0.0947265625,1.0,0,doctor_237.png,doctor
8.089003,0.00024414062,0.00013274816,0.00038152313,0.0947265625,1.0,0,doctor_238.png,doctor
8.089003,0.00024414062,0.00013274816,0.00038152313,0.0947265625,1.0,0,doctor_239.png,doctor
8.089003,0.00024414062,0.00013274816,0.00038152313,0.0947265625,1.0,0,doctor_240.png,doctor
8.089003,0.00024414062,0.00013274816,0.00038152313,0.0947265625,1.0,0,doctor_241.png,doctor
8.089003,0.00024414062,0.00013274816,0.00038152313,0.0947265625,1.0,0,doctor_242.png,doctor
8.089003,0.00024414062,0.00013274816,0.00038152313,0.0947265625,1.0,0,doctor_243.png,doctor
8.089003,0.00024414062,0.00013274816,0.00038152313,0.0947265625,1.0,0,doctor_244.png,doctor
8.089003,0.00024414062,0.00013274816,0.00038152313,0.0947265625,1.0,0,doctor_245.png,doctor
8.089003,0.00024414062,0.00013274816,0.00038152313,0.0947265625,1.0,0,doctor_246.png,doctor
8.089003,0.00024414062,0.00013274816,0.00038152313,0.0947265625,1.0,0,doctor_247.png,doctor
8.089003,0.00024414062,0.00013274816,0.00038152313,0.0947265625,1.0,0,doctor_248.png,doctor
8.089003,0.00024414062,0.00013274816,0.00038152313,0.0947265625,1.0,0,doctor_249.png,doctor
8.089003,0.00024414062,0.00013274816,0.00038152313,0.0947265625,1.0,0,doctor_250.png,doctor
8.089003,0.00024414062,0.00013274816,0.00038152313,0.0947265625,1.0,0,doctor_251.png,doctor
8.089003,0.00024414062,0.00013274816,0.00038152313,0.0947265625,1.0,0,doctor_252.png,doctor
8.089003,0.00024414062,0.00013274816,0.00038152313,0.0947265625,1.0,0,doctor_253.png,doctor
8.089003,0.00024414062,0.00013274816,0.00038152313,0.0947265625,1.0,0,doctor_254.png,doctor
8.089003,0.00024414062,0.00013274816,0.00038152313,0.0947265625,1.0,0,doctor_255.png,doctor
8.089003,0.00024414062,0.00013274816,0.00038152313,0.0947265625,1.0,0,doctor_256.png,doctor
8.089003,0.00024414062,0.00013274816,0.00038152313,0.0947265625,1.0,0,doctor_257.png,doctor
8.089003,0.00024414062,0.00013274816,0.00038152313,0.0947265625,1.0,0,doctor_258.png,doctor
8.089003,0.00024414062,0.00013274816,0.00038152313,0.0947265625,1.0,0,doctor_259.png,doctor
8.089003,0.00024414062,0.00013274816,0.00038152313,0.0947265625,1.0,0,doctor_260.png,doctor
8.089003,0.00024414062,0.00013274816,0.00038152313,0.0947265625,1.0,0,doctor_261.png,doctor
8.089003,0.00024414062,0.00013274816,0.00038152313,0.0947265625,1.0,0,doctor_262.png,doctor
8.089003,0.00024414062,0.00013274816,0.00038152313,0.0947265625,1.0,0,doctor_263.png,doctor
8.089003,0.00024414062,0.00013274816,0.00038152313,0.0947265625,1.0,0,doctor_264.png,doctor
8.089003,0.00024414062,0.00013274816,0.00038152313,0.0947265625,1.0,0,doctor_265.png,doctor
8.089003,0.00024414062,0.00013274816,0.00038152313,0.0947265625,1.0,0,doctor_266.png,doctor
8.089003,0.00024414062,0.00013274816,0.00038152313,0.0947265625,1.0,0,doctor_267.png,doctor
8.089003,0.00024414062,0.00013274816,0.00038152313,0.0947265625,1.0,0,doctor_268.png,doctor
8.089003,0.00024414062,0.00013274816,0.00038152313,0.0947265625,1.0,0,doctor_269.png,doctor
8.089003,0.00024414062,0.00013274816,0.00038152313,0.0947265625,1.0,0,doctor_270.png,doctor
8.089003,0.00024414062,0.00013274816,0.00038152313,0.0947265625,1.0,0,doctor_271.png,doctor
8.089003,0.00024414062,0.00013274816,0.00038152313,0.0947265625,1.0,0,doctor_272.png,doctor
8.089003,0.00024414062,0.00013274816,0.00038152313,0.0947265625,1.0,0,doctor_273.png,doctor
8.089003,0.00024414062,0.00013274816,0.00038152313,0.0947265625,1.0,0,doctor_274.png,doctor
8.089003,0.00024414062,0.00013274816,0.00038152313,0.0947265625,1.0,0,doctor_275.png,doctor
8.089003,0.00024414062,0.00013274816,0.00038152313,0.0947265625,1.0,0,doctor_276.png,doctor
8.089003,0.00024414062,0.00013274816,0.00038152313,0.0947265625,1.0,0,doctor_277.png,doctor
8.089003,0.00024414062,0.00013274816,0.00038152313,0.0947265625,1.0,0,doctor_278.png,doctor
8.089003,0.00024414062,0.00013274816,0.00038152313,0.0947265625,1.0,0,doctor_279.png,doctor
8.089003,0.00024414062,0.00013274816,0.00038152313,0.0947265625,1.0,0,doctor_280.png,doctor
8.089003,0.00024414062,0.00013274816,0.00038152313,0.0947265625,1.0,0,doctor_281.png,doctor
8.089003,0.00024414062,0.00013274816,0.00038152313,0.0947265625,1.0,0,doctor_282.png,doctor
8.089003,0.00024414062,0.00013274816,0.00038152313,0.0947265625,1.0,0,doctor_283.png,doctor
8.089003,0.00024414062,0.00013274816,0.00038152313,0.0947265625,1.0,0,doctor_284.png,doctor
8.089003,0.00024414062,0.00013274816,0.00038152313,0.0947265625,1.0,0,doctor_285.png,doctor
8.089003,0.00024414062,0.00013274816,0.00038152313,0.0947265625,1.0,0,doctor_286.png,doctor
8.089003,0.00024414062,0.00013274816,0.00038152313,0.0947265625,1.0,0,doctor_287.png,doctor
8.089003,0.00024414062,0.00013274816,0.00038152313,0.0947265625,1.0,0,doctor_288.png,doctor
8.089003,0.00024414062,0.00013274816,0.00038152313,0.0947265625,1.0,0,doctor_289.png,doctor
8.089003,0.00024414062,0.00013274816,0.00038152313,0.0947265625,1.0,0,doctor_290.png,doctor
8.089003,0.00024414062,0.00013274816,0.00038152313,0.0947265625,1.0,0,doctor_291.png,doctor
8.089003,0.00024414062,0.00013274816,0.00038152313,0.0947265625,1.0,0,doctor_292.png,doctor
8.089003,0.00024414062,0.00013274816,0.00038152313,0.0947265625,1.0,0,doctor_293.png,doctor
8.089003,0.00024414062,0.00013274816,0.00038152313,0.0947265625,1.0,0,doctor_294.png,doctor
8.089003,0.00024414062,0.00013274816,0.00038152313,0.0947265625,1.0,0,doctor_295.png,doctor
8.089003,0.00024414062,0.00013274816,0.00038152313,0.0947265625,1.0,0,doctor_296.png,doctor
8.089003,0.00024414062,0.00013274816,0.00038152313,0.0947265625,1.0,0,doctor_297.png,doctor
8.089003,0.00024414062,0.00013274816,0.00038152313,0.0947265625,1.0,0,doctor_298.png,doctor
8.089003,0.00024414062,0.00013274816,0.00038152313,0.0947265625,1.0,0,doctor_299.png,doctor
8.106188,0.00024414062,0.00012996957,0.00049117923,0.089111328125,1.0,2,nurse_0.png,nurse
8.106188,0.00024414062,0.00012996957,0.00049117923,0.089111328125,1.0,2,nurse_1.png,nurse
8.106188,0.00024414062,0.00012996957,0.00049117923,0.089111328125,1.0,2,nurse_2.png,nurse
8.106188,0.00024414062,0.00012996957,0.00049117923,0.089111328125,1.0,2,nurse_3.png,nurse
8.106188,0.00024414062,0.00012996957,0.00049117923,0.089111328125,1.0,2,nurse_4.png,nurse
8.106188,0.00024414062,0.00012996957,0.00049117923,0.089111328125,1.0,2,nurse_5.png,nurse
8.106188,0.00024414062,0.00012996957,0.00049117923,0.089111328125,1.0,2,nurse_6.png,nurse
8.106188,0.00024414062,0.00012996957,0.00049117923,0.089111328125,1.0,2,nurse_7.png,nurse
8.106188,0.00024414062,0.00012996957,0.00049117923,0.089111328125,1.0,2,nurse_8.png,nurse
8.106188,0.00024414062,0.00012996957,0.00049117923,0.089111328125,1.0,2,nurse_9.png,nurse
8.106188,0.00024414062,0.00012996957,0.00049117923,0.089111328125,1.0,2,nurse_10.png,nurse
8.106188,0.00024414062,0.00012996957,0.00049117923,0.089111328125,1.0,2,nurse_11.png,nurse
8.106188,0.00024414062,0.00012996957,0.00049117923,0.089111328125,1.0,2,nurse_12.png,nurse
8.106188,0.00024414062,0.00012996957,0.00049117923,0.089111328125,1.0,2,nurse_13.png,nurse
8.106188,0.00024414062,0.00012996957,0.00049117923,0.089111328125,1.0,2,nurse_14.png,nurse
8.106188,0.00024414062,0.00012996957,0.00049117923,0.089111328125,1.0,2,nurse_15.png,nurse
8.106188,0.00024414062,0.00012996957,0.00049117923,0.089111328125,1.0,2,nurse_16.png,nurse
8.106188,0.00024414062,0.00012996957,0.00049117923,0.089111328125,1.0,2,nurse_17.png,nurse
8.106188,0.00024414062,0.00012996957,0.00049117923,0.089111328125,1.0,2,nurse_18.png,nurse
8.106188,0.00024414062,0.00012996957,0.00049117923,0.089111328125,1.0,2,nurse_19.png,nurse
8.106188,0.00024414062,0.00012996957,0.00049117923,0.089111328125,1.0,2,nurse_20.png,nurse
8.106188,0.00024414062,0.00012996957,0.00049117923,0.089111328125,1.0,2,nurse_21.png,nurse
8.106188,0.00024414062,0.00012996957,0.00049117923,0.089111328125,1.0,2,nurse_22.png,nurse
8.106188,0.00024414062,0.00012996957,0.00049117923,0.089111328125,1.0,2,nurse_23.png,nurse
8.106188,0.00024414062,0.00012996957,0.00049117923,0.089111328125,1.0,2,nurse_24.png,nurse
8.106188,0.00024414062,0.00012996957,0.00049117923,0.089111328125,1.0,2,nurse_25.png,nurse
8.106188,0.00024414062,0.00012996957,0.00049117923,0.089111328125,1.0,2,nurse_26.png,nurse
8.106188,0.00024414062,0.00012996957,0.00049117923,0.089111328125,1.0,2,nurse_27.png,nurse
8.106188,0.00024414062,0.00012996957,0.00049117923,0.089111328125,1.0,2,nurse_28.png,nurse
8.106188,0.00024414062,0.00012996957,0.00049117923,0.089111328125,1.0,2,nurse_29.png,nurse
8.106188,0.00024414062,0.00012996957,0.00049117923,0.089111328125,1.0,2,nurse_30.png,nurse
8.106188,0.00024414062,0.00012996957,0.00049117923,0.089111328125,1.0,2,nurse_31.png,nurse
8.106188,0.00024414062,0.00012996957,0.00049117923,0.089111328125,1.0,2,nurse_32.png,nurse
8.106188,0.00024414062,0.00012996957,0.00049117923,0.089111328125,1.0,2,nurse_33.png,nurse
8.106188,0.00024414062,0.00012996957,0.00049117923,0.089111328125,1.0,2,nurse_34.png,nurse
8.106188,0.00024414062,0.00012996957,0.00049117923,0.089111328125,1.0,2,nurse_35.png,nurse
8.106188,0.00024414062,0.00012996957,0.00049117923,0.089111328125,1.0,2,nurse_36.png,nurse
8.106188,0.00024414062,0.00012996957,0.00049117923,0.089111328125,1.0,2,nurse_37.png,nurse
8.106188,0.00024414062,0.00012996957,0.00049117923,0.089111328125,1.0,2,nurse_38.png,nurse
8.106188,0.00024414062,0.00012996957,0.00049117923,0.089111328125,1.0,2,nurse_39.png,nurse
8.106188,0.00024414062,0.00012996957,0.00049117923,0.089111328125,1.0,2,nurse_40.png,nurse
8.106188,0.00024414062,0.00012996957,0.00049117923,0.089111328125,1.0,2,nurse_41.png,nurse
8.106188,0.00024414062,0.00012996957,0.00049117923,0.089111328125,1.0,2,nurse_42.png,nurse
8.106188,0.00024414062,0.00012996957,0.00049117923,0.089111328125,1.0,2,nurse_43.png,nurse
8.106188,0.00024414062,0.00012996957,0.00049117923,0.089111328125,1.0,2,nurse_44.png,nurse
8.106188,0.00024414062,0.00012996957,0.00049117923,0.089111328125,1.0,2,nurse_45.png,nurse
8.106188,0.00024414062,0.00012996957,0.00049117923,0.089111328125,1.0,2,nurse_46.png,nurse
8.106188,0.00024414062,0.00012996957,0.00049117923,0.089111328125,1.0,2,nurse_47.png,nurse
8.106188,0.00024414062,0.00012996957,0.00049117923,0.089111328125,1.0,2,nurse_48.png,nurse
8.106188,0.00024414062,0.00012996957,0.00049117923,0.089111328125,1.0,2,nurse_49.png,nurse
8.106188,0.00024414062,0.00012996957,0.00049117923,0.089111328125,1.0,2,nurse_50.png,nurse
8.106188,0.00024414062,0.00012996957,0.00049117923,0.089111328125,1.0,2,nurse_51.png,nurse
8.106188,0.00024414062,0.00012996957,0.00049117923,0.089111328125,1.0,2,nurse_52.png,nurse
8.106188,0.00024414062,0.00012996957,0.00049117923,0.089111328125,1.0,2,nurse_53.png,nurse
8.106188,0.00024414062,0.00012996957,0.00049117923,0.089111328125,1.0,2,nurse_54.png,nurse
8.106188,0.00024414062,0.00012996957,0.00049117923,0.089111328125,1.0,2,nurse_55.png,nurse
8.106188,0.00024414062,0.00012996957,0.00049117923,0.089111328125,1.0,2,nurse_56.png,nurse
8.106188,0.00024414062,0.00012996957,0.00049117923,0.089111328125,1.0,2,nurse_57.png,nurse
8.106188,0.00024414062,0.00012996957,0.00049117923,0.089111328125,1.0,2,nurse_58.png,nurse
8.106188,0.00024414062,0.00012996957,0.00049117923,0.089111328125,1.0,2,nurse_59.png,nurse
8.106188,0.00024414062,0.00012996957,0.00049117923,0.089111328125,1.0,2,nurse_60.png,nurse
8.106188,0.00024414062,0.00012996957,0.00049117923,0.089111328125,1.0,2,nurse_61.png,nurse
8.106188,0.00024414062,0.00012996957,0.00049117923,0.089111328125,1.0,2,nurse_62.png,nurse
8.106188,0.00024414062,0.00012996957,0.00049117923,0.089111328125,1.0,2,nurse_63.png,nurse
8.106188,0.00024414062,0.00012996957,0.00049117923,0.089111328125,1.0,2,nurse_64.png,nurse
8.106188,0.00024414062,0.00012996957,0.00049117923,0.089111328125,1.0,2,nurse_65.png,nurse
8.106188,0.00024414062,0.00012996957,0.00049117923,0.089111328125,1.0,2,nurse_66.png,nurse
8.106188,0.00024414062,0.00012996957,0.00049117923,0.089111328125,1.0,2,nurse_67.png,nurse
8.106188,0.00024414062,0.00012996957,0.00049117923,0.089111328125,1.0,2,nurse_68.png,nurse
8.106188,0.00024414062,0.00012996957,0.00049117923,0.089111328125,1.0,2,nurse_69.png,nurse
8.106188,0.00024414062,0.00012996957,0.00049117923,0.089111328125,1.0,2,nurse_70.png,nurse
8.106188,0.00024414062,0.00012996957,0.00049117923,0.089111328125,1.0,2,nurse_71.png,nurse
8.106188,0.00024414062,0.00012996957,0.00049117923,0.089111328125,1.0,2,nurse_72.png,nurse
8.106188,0.00024414062,0.00012996957,0.00049117923,0.089111328125,1.0,2,nurse_73.png,nurse
8.106188,0.00024414062,0.00012996957,0.00049117923,0.089111328125,1.0,2,nurse_74.png,nurse
8.106188,0.00024414062,0.00012996957,0.00049117923,0.089111328125,1.0,2,nurse_75.png,nurse
8.106188,0.00024414062,0.00012996957,0.00049117923,0.089111328125,1.0,2,nurse_76.png,nurse
8.106188,0.00024414062,0.00012996957,0.00049117923,0.089111328125,1.0,2,nurse_77.png,nurse
8.106188,0.00024414062,0.00012996957,0.00049117923,0.089111328125,1.0,2,nurse_78.png,nurse
8.106188,0.00024414062,0.00012996957,0.00049117923,0.089111328125,1.0,2,nurse_79.png,nurse
8.106188,0.00024414062,0.00012996957,0.00049117923,0.089111328125,1.0,2,nurse_80.png,nurse
8.106188,0.00024414062,0.00012996957,0.00049117923,0.089111328125,1.0,2,nurse_81.png,nurse
8.106188,0.00024414062,0.00012996957,0.00049117923,0.089111328125,1.0,2,nurse_82.png,nurse
8.106188,0.00024414062,0.00012996957,0.00049117923,0.089111328125,1.0,2,nurse_83.png,nurse
8.106188,0.00024414062,0.00012996957,0.00049117923,0.089111328125,1.0,2,nurse_84.png,nurse
8.106188,0.00024414062,0.00012996957,0.00049117923,0.089111328125,1.0,2,nurse_85.png,nurse
8.106188,0.00024414062,0.00012996957,0.00049117923,0.089111328125,1.0,2,nurse_86.png,nurse
8.106188,0.00024414062,0.00012996957,0.00049117923,0.089111328125,1.0,2,nurse_87.png,nurse
8.106188,0.00024414062,0.00012996957,0.00049117923,0.089111328125,1.0,2,nurse_88.png,nurse
8.106188,0.00024414062,0.00012996957,0.00049117923,0.089111328125,1.0,2,nurse_89.png,nurse
8.106188,0.00024414062,0.00012996957,0.00049117923,0.089111328125,1.0,2,nurse_90.png,nurse
8.106188,0.00024414062,0.00012996957,0.00049117923,0.089111328125,1.0,2,nurse_91.png,nurse
8.106188,0.00024414062,0.00012996957,0.00049117923,0.089111328125,1.0,2,nurse_92.png,nurse
8.106188,0.00024414062,0.00012996957,0.00049117923,0.089111328125,1.0,2,nurse_93.png,nurse
8.106188,0.00024414062,0.00012996957,0.00049117923,0.089111328125,1.0,2,nurse_94.png,nurse
8.106188,0.00024414062,0.00012996957,0.00049117923,0.089111328125,1.0,2,nurse_95.png,nurse
8.106188,0.00024414062,0.00012996957,0.00049117923,0.089111328125,1.0,2,nurse_96.png,nurse
8.106188,0.00024414062,0.00012996957,0.00049117923,0.089111328125,1.0,2,nurse_97.png,nurse
8.106188,0.00024414062,0.00012996957,0.00049117923,0.089111328125,1.0,2,nurse_98.png,nurse
8.106188,0.00024414062,0.00012996957,0.00049117923,0.089111328125,1.0,2,nurse_99.png,nurse
8.106188,0.00024414062,0.00012996957,0.00049117923,0.089111328125,1.0,2,nurse_100.png,nurse
8.106188,0.00024414062,0.00012996957,0.00049117923,0.089111328125,1.0,2,nurse_101.png,nurse
8.106188,0.00024414062,0.00012996957,0.00049117923,0.089111328125,1.0,2,nurse_102.png,nurse
8.106188,0.00024414062,0.00012996957,0.00049117923,0.089111328125,1.0,2,nurse_103.png,nurse
8.106188,0.00024414062,0.00012996957,0.00049117923,0.089111328125,1.0,2,nurse_104.png,nurse
8.106188,0.00024414062,0.00012996957,0.00049117923,0.089111328125,1.0,2,nurse_105.png,nurse
8.106188,0.00024414062,0.00012996957,0.00049117923,0.089111328125,1.0,2,nurse_106.png,nurse
8.106188,0.00024414062,0.00012996957,0.00049117923,0.089111328125,1.0,2,nurse_107.png,nurse
8.106188,0.00024414062,0.00012996957,0.00049117923,0.089111328125,1.0,2,nurse_108.png,nurse
8.106188,0.00024414062,0.00012996957,0.00049117923,0.089111328125,1.0,2,nurse_109.png,nurse
8.106188,0.00024414062,0.00012996957,0.00049117923,0.089111328125,1.0,2,nurse_110.png,nurse
8.106188,0.00024414062,0.00012996957,0.00049117923,0.089111328125,1.0,2,nurse_111.png,nurse
8.106188,0.00024414062,0.00012996957,0.00049117923,0.089111328125,1.0,2,nurse_112.png,nurse
8.106188,0.00024414062,0.00012996957,0.00049117923,0.089111328125,1.0,2,nurse_113.png,nurse
8.106188,0.00024414062,0.00012996957,0.00049117923,0.089111328125,1.0,2,nurse_114.png,nurse
8.106188,0.00024414062,0.00012996957,0.00049117923,0.089111328125,1.0,2,nurse_115.png,nurse
8.106188,0.00024414062,0.00012996957,0.00049117923,0.089111328125,1.0,2,nurse_116.png,nurse
8.106188,0.00024414062,0.00012996957,0.00049117923,0.089111328125,1.0,2,nurse_117.png,nurse
8.106188,0.00024414062,0.00012996957,0.00049117923,0.089111328125,1.0,2,nurse_118.png,nurse
8.106188,0.00024414062,0.00012996957,0.00049117923,0.089111328125,1.0,2,nurse_119.png,nurse
8.106188,0.00024414062,0.00012996957,0.00049117923,0.089111328125,1.0,2,nurse_120.png,nurse
8.106188,0.00024414062,0.00012996957,0.00049117923,0.089111328125,1.0,2,nurse_121.png,nurse
8.106188,0.00024414062,0.00012996957,0.00049117923,0.089111328125,1.0,2,nurse_122.png,nurse
8.106188,0.00024414062,0.00012996957,0.00049117923,0.089111328125,1.0,2,nurse_123.png,nurse
8.106188,0.00024414062,0.00012996957,0.00049117923,0.089111328125,1.0,2,nurse_124.png,nurse
8.106188,0.00024414062,0.00012996957,0.00049117923,0.089111328125,1.0,2,nurse_125.png,nurse
8.106188,0.00024414062,0.00012996957,0.00049117923,0.089111328125,1.0,2,nurse_126.png,nurse
8.106188,0.00024414062,0.00012996957,0.00049117923,0.089111328125,1.0,2,nurse_127.png,nurse
8.106188,0.00024414062,0.00012996957,0.00049117923,0.089111328125,1.0,2,nurse_128.png,nurse
8.106188,0.00024414062,0.00012996957,0.00049117923,0.089111328125,1.0,2,nurse_129.png,nurse
8.106188,0.00024414062,0.00012996957,0.00049117923,0.089111328125,1.0,2,nurse_130.png,nurse
8.106188,0.00024414062,0.00012996957,0.00049117923,0.089111328125,1.0,2,nurse_131.png,nurse
8.106188,0.00024414062,0.00012996957,0.00049117923,0.089111328125,1.0,2,nurse_132.png,nurse
8.106188,0.00024414062,0.00012996957,0.00049117923,0.089111328125,1.0,2,nurse_133.png,nurse
8.106188,0.00024414062,0.00012996957,0.00049117923,0.089111328125,1.0,2,nurse_134.png,nurse
8.106188,0.00024414062,0.00012996957,0.00049117923,0.089111328125,1.0,2,nurse_135.png,nurse
8.106188,0.00024414062,0.00012996957,0.00049117923,0.089111328125,1.0,2,nurse_136.png,nurse
8.106188,0.00024414062,0.00012996957,0.00049117923,0.089111328125,1.0,2,nurse_137.png,nurse
8.106188,0.00024414062,0.00012996957,0.00049117923,0.089111328125,1.0,2,nurse_138.png,nurse
8.106188,0.00024414062,0.00012996957,0.00049117923,0.089111328125,1.0,2,nurse_139.png,nurse
8.106188,0.00024414062,0.00012996957,0.00049117923,0.089111328125,1.0,2,nurse_140.png,nurse
8.106188,0.00024414062,0.00012996957,0.00049117923,0.089111328125,1.0,2,nurse_141.png,nurse
8.106188,0.00024414062,0.00012996957,0.00049117923,0.089111328125,1.0,2,nurse_142.png,nurse
8.106188,0.00024414062,0.00012996957,0.00049117923,0.089111328125,1.0,2,nurse_143.png,nurse
8.106188,0.00024414062,0.00012996957,0.00049117923,0.089111328125,1.0,2,nurse_144.png,nurse
8.106188,0.00024414062,0.00012996957,0.00049117923,0.089111328125,1.0,2,nurse_145.png,nurse
8.106188,0.00024414062,0.00012996957,0.00049117923,0.089111328125,1.0,2,nurse_146.png,nurse
8.106188,0.00024414062,0.00012996957,0.00049117923,0.089111328125,1.0,2,nurse_147.png,nurse
8.106188,0.00024414062,0.00012996957,0.00049117923,0.089111328125,1.0,2,nurse_148.png,nurse
8.106188,0.00024414062,0.00012996957,0.00049117923,0.089111328125,1.0,2,nurse_149.png,nurse
8.106188,0.00024414062,0.00012996957,0.00049117923,0.089111328125,1.0,2,nurse_150.png,nurse
8.106188,0.00024414062,0.00012996957,0.00049117923,0.089111328125,1.0,2,nurse_151.png,nurse
8.106188,0.00024414062,0.00012996957,0.00049117923,0.089111328125,1.0,2,nurse_152.png,nurse
8.106188,0.00024414062,0.00012996957,0.00049117923,0.089111328125,1.0,2,nurse_153.png,nurse
8.106188,0.00024414062,0.00012996957,0.00049117923,0.089111328125,1.0,2,nurse_154.png,nurse
8.106188,0.00024414062,0.00012996957,0.00049117923,0.089111328125,1.0,2,nurse_155.png,nurse
8.106188,0.00024414062,0.00012996957,0.00049117923,0.089111328125,1.0,2,nurse_156.png,nurse
8.106188,0.00024414062,0.00012996957,0.00049117923,0.089111328125,1.0,2,nurse_157.png,nurse
8.106188,0.00024414062,0.00012996957,0.00049117923,0.089111328125,1.0,2,nurse_158.png,nurse
8.106188,0.00024414062,0.00012996957,0.00049117923,0.089111328125,1.0,2,nurse_159.png,nurse
8.106188,0.00024414062,0.00012996957,0.00049117923,0.089111328125,1.0,2,nurse_160.png,nurse
8.106188,0.00024414062,0.00012996957,0.00049117923,0.089111328125,1.0,2,nurse_161.png,nurse
8.106188,0.00024414062,0.00012996957,0.00049117923,0.089111328125,1.0,2,nurse_162.png,nurse
8.106188,0.00024414062,0.00012996957,0.00049117923,0.089111328125,1.0,2,nurse_163.png,nurse
8.106188,0.00024414062,0.00012996957,0.00049117923,0.089111328125,1.0,2,nurse_164.png,nurse
8.106188,0.00024414062,0.00012996957,0.00049117923,0.089111328125,1.0,2,nurse_165.png,nurse
8.106188,0.00024414062,0.00012996957,0.00049117923,0.089111328125,1.0,2,nurse_166.png,nurse
8.106188,0.00024414062,0.00012996957,0.00049117923,0.089111328125,1.0,2,nurse_167.png,nurse
8.106188,0.00024414062,0.00012996957,0.00049117923,0.089111328125,1.0,2,nurse_168.png,nurse
8.106188,0.00024414062,0.00012996957,0.00049117923,0.089111328125,1.0,2,nurse_169.png,nurse
8.106188,0.00024414062,0.00012996957,0.00049117923,0.089111328125,1.0,2,nurse_170.png,nurse
8.106188,0.00024414062,0.00012996957,0.00049117923,0.089111328125,1.0,2,nurse_171.png,nurse
8.106188,0.00024414062,0.00012996957,0.00049117923,0.089111328125,1.0,2,nurse_172.png,nurse
8.106188,0.00024414062,0.00012996957,0.00049117923,0.089111328125,1.0,2,nurse_173.png,nurse
8.106188,0.00024414062,0.00012996957,0.00049117923,0.089111328125,1.0,2,nurse_174.png,nurse
8.106188,0.00024414062,0.00012996957,0.00049117923,0.089111328125,1.0,2,nurse_175.png,nurse
8.106188,0.00024414062,0.00012996957,0.00049117923,0.089111328125,1.0,2,nurse_176.png,nurse
8.106188,0.00024414062,0.00012996957,0.00049117923,0.089111328125,1.0,2,nurse_177.png,nurse
8.106188,0.00024414062,0.00012996957,0.00049117923,0.089111328125,1.0,2,nurse_178.png,nurse
8.106188,0.00024414062,0.00012996957,0.00049117923,0.089111328125,1.0,2,nurse_179.png,nurse
8.106188,0.00024414062,0.00012996957,0.00049117923,0.089111328125,1.0,2,nurse_180.png,nurse
8.106188,0.00024414062,0.00012996957,0.00049117923,0.089111328125,1.0,2,nurse_181.png,nurse
8.106188,0.00024414062,0.00012996957,0.00049117923,0.089111328125,1.0,2,nurse_182.png,nurse
8.106188,0.00024414062,0.00012996957,0.00049117923,0.089111328125,1.0,2,nurse_183.png,nurse
8.106188,0.00024414062,0.00012996957,0.00049117923,0.089111328125,1.0,2,nurse_184.png,nurse
8.106188,0.00024414062,0.00012996957,0.00049117923,0.089111328125,1.0,2,nurse_185.png,nurse
8.106188,0.00024414062,0.00012996957,0.00049117923,0.089111328125,1.0,2,nurse_186.png,nurse
8.106188,0.00024414062,0.00012996957,0.00049117923,0.089111328125,1.0,2,nurse_187.png,nurse
8.106188,0.00024414062,0.00012996957,0.00049117923,0.089111328125,1.0,2,nurse_188.png,nurse
8.106188,0.00024414062,0.00012996957,0.00049117923,0.089111328125,1.0,2,nurse_189.png,nurse
8.106188,0.00024414062,0.00012996957,0.00049117923,0.089111328125,1.0,2,nurse_190.png,nurse
8.106188,0.00024414062,0.00012996957,0.00049117923,0.089111328125,1.0,2,nurse_191.png,nurse
8.106188,0.00024414062,0.00012996957,0.00049117923,0.089111328125,1.0,2,nurse_192.png,nurse
8.106188,0.00024414062,0.00012996957,0.00049117923,0.089111328125,1.0,2,nurse_193.png,nurse
8.106188,0.00024414062,0.00012996957,0.00049117923,0.089111328125,1.0,2,nurse_194.png,nurse
8.106188,0.00024414062,0.00012996957,0.00049117923,0.089111328125,1.0,2,nurse_195.png,nurse
8.106188,0.00024414062,0.00012996957,0.00049117923,0.089111328125,1.0,2,nurse_196.png,nurse
8.106188,0.00024414062,0.00012996957,0.00049117923,0.089111328125,1.0,2,nurse_197.png,nurse
8.106188,0.00024414062,0.00012996957,0.00049117923,0.089111328125,1.0,2,nurse_198.png,nurse
8.106188,0.00024414062,0.00012996957,0.00049117923,0.089111328125,1.0,2,nurse_199.png,nurse
8.106188,0.00024414062,0.00012996957,0.00049117923,0.089111328125,1.0,2,nurse_200.png,nurse
8.106188,0.00024414062,0.00012996957,0.00049117923,0.089111328125,1.0,2,nurse_201.png,nurse
8.106188,0.00024414062,0.00012996957,0.00049117923,0.089111328125,1.0,2,nurse_202.png,nurse
8.106188,0.00024414062,0.00012996957,0.00049117923,0.089111328125,1.0,2,nurse_203.png,nurse
8.106188,0.00024414062,0.00012996957,0.00049117923,0.089111328125,1.0,2,nurse_204.png,nurse
8.106188,0.00024414062,0.00012996957,0.00049117923,0.089111328125,1.0,2,nurse_205.png,nurse
8.106188,0.00024414062,0.00012996957,0.00049117923,0.089111328125,1.0,2,nurse_206.png,nurse
8.106188,0.00024414062,0.00012996957,0.00049117923,0.089111328125,1.0,2,nurse_207.png,nurse
8.106188,0.00024414062,0.00012996957,0.00049117923,0.089111328125,1.0,2,nurse_208.png,nurse
8.106188,0.00024414062,0.00012996957,0.00049117923,0.089111328125,1.0,2,nurse_209.png,nurse
8.106188,0.00024414062,0.00012996957,0.00049117923,0.089111328125,1.0,2,nurse_210.png,nurse
8.106188,0.00024414062,0.00012996957,0.00049117923,0.089111328125,1.0,2,nurse_211.png,nurse
8.106188,0.00024414062,0.00012996957,0.00049117923,0.089111328125,1.0,2,nurse_212.png,nurse
8.106188,0.00024414062,0.00012996957,0.00049117923,0.089111328125,1.0,2,nurse_213.png,nurse
8.106188,0.00024414062,0.00012996957,0.00049117923,0.089111328125,1.0,2,nurse_214.png,nurse
8.106188,0.00024414062,0.00012996957,0.00049117923,0.089111328125,1.0,2,nurse_215.png,nurse
8.106188,0.00024414062,0.00012996957,0.00049117923,0.089111328125,1.0,2,nurse_216.png,nurse
8.106188,0.00024414062,0.00012996957,0.00049117923,0.089111328125,1.0,2,nurse_217.png,nurse
8.106188,0.00024414062,0.00012996957,0.00049117923,0.089111328125,1.0,2,nurse_218.png,nurse
8.106188,0.00024414062,0.00012996957,0.00049117923,0.089111328125,1.0,2,nurse_219.png,nurse
8.106188,0.00024414062,0.00012996957,0.00049117923,0.089111328125,1.0,2,nurse_220.png,nurse
8.106188,0.00024414062,0.00012996957,0.00049117923,0.089111328125,1.0,2,nurse_221.png,nurse
8.106188,0.00024414062,0.00012996957,0.00049117923,0.089111328125,1.0,2,nurse_222.png,nurse
8.106188,0.00024414062,0.00012996957,0.00049117923,0.089111328125,1.0,2,nurse_223.png,nurse
8.106188,0.00024414062,0.00012996957,0.00049117923,0.089111328125,1.0,2,nurse_224.png,nurse
8.106188,0.00024414062,0.00012996957,0.00049117923,0.089111328125,1.0,2,nurse_225.png,nurse
8.106188,0.00024414062,0.00012996957,0.00049117923,0.089111328125,1.0,2,nurse_226.png,nurse
8.106188,0.00024414062,0.00012996957,0.00049117923,0.089111328125,1.0,2,nurse_227.png,nurse
8.106188,0.00024414062,0.00012996957,0.00049117923,0.089111328125,1.0,2,nurse_228.png,nurse
8.106188,0.00024414062,0.00012996957,0.00049117923,0.089111328125,1.0,2,nurse_229.png,nurse
8.106188,0.00024414062,0.00012996957,0.00049117923,0.089111328125,1.0,2,nurse_230.png,nurse
8.106188,0.00024414062,0.00012996957,0.00049117923,0.089111328125,1.0,2,nurse_231.png,nurse
8.106188,0.00024414062,0.00012996957,0.00049117923,0.089111328125,1.0,2,nurse_232.png,nurse
8.106188,0.00024414062,0.00012996957,0.00049117923,0.089111328125,1.0,2,nurse_233.png,nurse
8.106188,0.00024414062,0.00012996957,0.00049117923,0.089111328125,1.0,2,nurse_234.png,nurse
8.106188,0.00024414062,0.00012996957,0.00049117923,0.089111328125,1.0,2,nurse_235.png,nurse
8.106188,0.00024414062,0.00012996957,0.00049117923,0.089111328125,1.0,2,nurse_236.png,nurse
8.106188,0.00024414062,0.00012996957,0.00049117923,0.089111328125,1.0,2,nurse_237.png,nurse
8.106188,0.00024414062,0.00012996957,0.00049117923,0.089111328125,1.0,2,nurse_238.png,nurse
8.106188,0.00024414062,0.00012996957,0.00049117923,0.089111328125,1.0,2,nurse_239.png,nurse
8.106188,0.00024414062,0.00012996957,0.00049117923,0.089111328125,1.0,2,nurse_240.png,nurse
8.106188,0.00024414062,0.00012996957,0.00049117923,0.089111328125,1.0,2,nurse_241.png,nurse
8.106188,0.00024414062,0.00012996957,0.00049117923,0.089111328125,1.0,2,nurse_242.png,nurse
8.106188,0.00024414062,0.00012996957,0.00049117923,0.089111328125,1.0,2,nurse_243.png,nurse
8.106188,0.00024414062,0.00012996957,0.00049117923,0.089111328125,1.0,2,nurse_244.png,nurse
8.106188,0.00024414062,0.00012996957,0.00049117923,0.089111328125,1.0,2,nurse_245.png,nurse
8.106188,0.00024414062,0.00012996957,0.00049117923,0.089111328125,1.0,2,nurse_246.png,nurse
8.106188,0.00024414062,0.00012996957,0.00049117923,0.089111328125,1.0,2,nurse_247.png,nurse
8.106188,0.00024414062,0.00012996957,0.00049117923,0.089111328125,1.0,2,nurse_248.png,nurse
8.106188,0.00024414062,0.00012996957,0.00049117923,0.089111328125,1.0,2,nurse_249.png,nurse
8.106188,0.00024414062,0.00012996957,0.00049117923,0.089111328125,1.0,2,nurse_250.png,nurse
8.106188,0.00024414062,0.00012996957,0.00049117923,0.089111328125,1.0,2,nurse_251.png,nurse
8.106188,0.00024414062,0.00012996957,0.00049117923,0.089111328125,1.0,2,nurse_252.png,nurse
8.106188,0.00024414062,0.00012996957,0.00049117923,0.089111328125,1.0,2,nurse_253.png,nurse
8.106188,0.00024414062,0.00012996957,0.00049117923,0.089111328125,1.0,2,nurse_254.png,nurse
8.106188,0.00024414062,0.00012996957,0.00049117923,0.089111328125,1.0,2,nurse_255.png,nurse
8.106188,0.00024414062,0.00012996957,0.00049117923,0.089111328125,1.0,2,nurse_256.png,nurse
8.106188,0.00024414062,0.00012996957,0.00049117923,0.089111328125,1.0,2,nurse_257.png,nurse
8.106188,0.00024414062,0.00012996957,0.00049117923,0.089111328125,1.0,2,nurse_258.png,nurse
8.106188,0.00024414062,0.00012996957,0.00049117923,0.089111328125,1.0,2,nurse_259.png,nurse
8.106188,0.00024414062,0.00012996957,0.00049117923,0.089111328125,1.0,2,nurse_260.png,nurse
8.106188,0.00024414062,0.00012996957,0.00049117923,0.089111328125,1.0,2,nurse_261.png,nurse
8.106188,0.00024414062,0.00012996957,0.00049117923,0.089111328125,1.0,2,nurse_262.png,nurse
8.106188,0.00024414062,0.00012996957,0.00049117923,0.089111328125,1.0,2,nurse_263.png,nurse
8.106188,0.00024414062,0.00012996957,0.00049117923,0.089111328125,1.0,2,nurse_264.png,nurse
8.106188,0.00024414062,0.00012996957,0.00049117923,0.089111328125,1.0,2,nurse_265.png,nurse
8.106188,0.00024414062,0.00012996957,0.00049117923,0.089111328125,1.0,2,nurse_266.png,nurse
8.106188,0.00024414062,0.00012996957,0.00049117923,0.089111328125,1.0,2,nurse_267.png,nurse
8.106188,0.00024414062,0.00012996957,0.00049117923,0.089111328125,1.0,2,nurse_268.png,nurse
8.106188,0.00024414062,0.00012996957,0.00049117923,0.089111328125,1.0,2,nurse_269.png,nurse
8.106188,0.00024414062,0.00012996957,0.00049117923,0.089111328125,1.0,2,nurse_270.png,nurse
8.106188,0.00024414062,0.00012996957,0.00049117923,0.089111328125,1.0,2,nurse_271.png,nurse
8.106188,0.00024414062,0.00012996957,0.00049117923,0.089111328125,1.0,2,nurse_272.png,nurse
8.106188,0.00024414062,0.00012996957,0.00049117923,0.089111328125,1.0,2,nurse_273.png,nurse
8.106188,0.00024414062,0.00012996957,0.00049117923,0.089111328125,1.0,2,nurse_274.png,nurse
8.106188,0.00024414062,0.00012996957,0.00049117923,0.089111328125,1.0,2,nurse_275.png,nurse
8.106188,0.00024414062,0.00012996957,0.00049117923,0.089111328125,1.0,2,nurse_276.png,nurse
8.106188,0.00024414062,0.00012996957,0.00049117923,0.089111328125,1.0,2,nurse_277.png,nurse
8.106188,0.00024414062,0.00012996957,0.00049117923,0.089111328125,1.0,2,nurse_278.png,nurse
8.106188,0.00024414062,0.00012996957,0.00049117923,0.089111328125,1.0,2,nurse_279.png,nurse
8.106188,0.00024414062,0.00012996957,0.00049117923,0.089111328125,1.0,2,nurse_280.png,nurse
8.106188,0.00024414062,0.00012996957,0.00049117923,0.089111328125,1.0,2,nurse_281.png,nurse
8.106188,0.00024414062,0.00012996957,0.00049117923,0.089111328125,1.0,2,nurse_282.png,nurse
8.106188,0.00024414062,0.00012996957,0.00049117923,0.089111328125,1.0,2,nurse_283.png,nurse
8.106188,0.00024414062,0.00012996957,0.00049117923,0.089111328125,1.0,2,nurse_284.png,nurse
8.106188,0.00024414062,0.00012996957,0.00049117923,0.089111328125,1.0,2,nurse_285.png,nurse
8.106188,0.00024414062,0.00012996957,0.00049117923,0.089111328125,1.0,2,nurse_286.png,nurse
8.106188,0.00024414062,0.00012996957,0.00049117923,0.089111328125,1.0,2,nurse_287.png,nurse
8.106188,0.00024414062,0.00012996957,0.00049117923,0.089111328125,1.0,2,nurse_288.png,nurse
8.106188,0.00024414062,0.00012996957,0.00049117923,0.089111328125,1.0,2,nurse_289.png,nurse
8.106188,0.00024414062,0.00012996957,0.00049117923,0.089111328125,1.0,2,nurse_290.png,nurse
8.106188,0.00024414062,0.00012996957,0.00049117923,0.089111328125,1.0,2,nurse_291.png,nurse
8.106188,0.00024414062,0.00012996957,0.00049117923,0.089111328125,1.0,2,nurse_292.png,nurse
8.106188,0.00024414062,0.00012996957,0.00049117923,0.089111328125,1.0,2,nurse_293.png,nurse
8.106188,0.00024414062,0.00012996957,0.00049117923,0.089111328125,1.0,2,nurse_294.png,nurse
8.106188,0.00024414062,0.00012996957,0.00049117923,0.089111328125,1.0,2,nurse_295.png,nurse
8.106188,0.00024414062,0.00012996957,0.00049117923,0.089111328125,1.0,2,nurse_296.png,nurse
8.106188,0.00024414062,0.00012996957,0.00049117923,0.089111328125,1.0,2,nurse_297.png,nurse
8.106188,0.00024414062,0.00012996957,0.00049117923,0.089111328125,1.0,2,nurse_298.png,nurse
8.106188,0.00024414062,0.00012996957,0.00049117923,0.089111328125,1.0,2,nurse_299.png,nurse
8.203188,0.00024414062,0.0001158787,0.0004377278,0.099853515625,1.0,1,engineer_0.png,engineer
8.203188,0.00024414062,0.0001158787,0.0004377278,0.099853515625,1.0,1,engineer_1.png,engineer
8.203188,0.00024414062,0.0001158787,0.0004377278,0.099853515625,1.0,1,engineer_2.png,engineer
8.203188,0.00024414062,0.0001158787,0.0004377278,0.099853515625,1.0,1,engineer_3.png,engineer
8.203188,0.00024414062,0.0001158787,0.0004377278,0.099853515625,1.0,1,engineer_4.png,engineer
8.203188,0.00024414062,0.0001158787,0.0004377278,0.099853515625,1.0,1,engineer_5.png,engineer
8.203188,0.00024414062,0.0001158787,0.0004377278,0.099853515625,1.0,1,engineer_6.png,engineer
8.203188,0.00024414062,0.0001158787,0.0004377278,0.099853515625,1.0,1,engineer_7.png,engineer
8.203188,0.00024414062,0.0001158787,0.0004377278,0.099853515625,1.0,1,engineer_8.png,engineer
8.203188,0.00024414062,0.0001158787,0.0004377278,0.099853515625,1.0,1,engineer_9.png,engineer
8.203188,0.00024414062,0.0001158787,0.0004377278,0.099853515625,1.0,1,engineer_10.png,engineer
8.203188,0.00024414062,0.0001158787,0.0004377278,0.099853515625,1.0,1,engineer_11.png,engineer
8.203188,0.00024414062,0.0001158787,0.0004377278,0.099853515625,1.0,1,engineer_12.png,engineer
8.203188,0.00024414062,0.0001158787,0.0004377278,0.099853515625,1.0,1,engineer_13.png,engineer
8.203188,0.00024414062,0.0001158787,0.0004377278,0.099853515625,1.0,1,engineer_14.png,engineer
8.203188,0.00024414062,0.0001158787,0.0004377278,0.099853515625,1.0,1,engineer_15.png,engineer
8.203188,0.00024414062,0.0001158787,0.0004377278,0.099853515625,1.0,1,engineer_16.png,engineer
8.203188,0.00024414062,0.0001158787,0.0004377278,0.099853515625,1.0,1,engineer_17.png,engineer
8.203188,0.00024414062,0.0001158787,0.0004377278,0.099853515625,1.0,1,engineer_18.png,engineer
8.203188,0.00024414062,0.0001158787,0.0004377278,0.099853515625,1.0,1,engineer_19.png,engineer
8.203188,0.00024414062,0.0001158787,0.0004377278,0.099853515625,1.0,1,engineer_20.png,engineer
8.203188,0.00024414062,0.0001158787,0.0004377278,0.099853515625,1.0,1,engineer_21.png,engineer
8.203188,0.00024414062,0.0001158787,0.0004377278,0.099853515625,1.0,1,engineer_22.png,engineer
8.203188,0.00024414062,0.0001158787,0.0004377278,0.099853515625,1.0,1,engineer_23.png,engineer
8.203188,0.00024414062,0.0001158787,0.0004377278,0.099853515625,1.0,1,engineer_24.png,engineer
8.203188,0.00024414062,0.0001158787,0.0004377278,0.099853515625,1.0,1,engineer_25.png,engineer
8.203188,0.00024414062,0.0001158787,0.0004377278,0.099853515625,1.0,1,engineer_26.png,engineer
8.203188,0.00024414062,0.0001158787,0.0004377278,0.099853515625,1.0,1,engineer_27.png,engineer
8.203188,0.00024414062,0.0001158787,0.0004377278,0.099853515625,1.0,1,engineer_28.png,engineer
8.203188,0.00024414062,0.0001158787,0.0004377278,0.099853515625,1.0,1,engineer_29.png,engineer
8.203188,0.00024414062,0.0001158787,0.0004377278,0.099853515625,1.0,1,engineer_30.png,engineer
8.203188,0.00024414062,0.0001158787,0.0004377278,0.099853515625,1.0,1,engineer_31.png,engineer
8.203188,0.00024414062,0.0001158787,0.0004377278,0.099853515625,1.0,1,engineer_32.png,engineer
8.203188,0.00024414062,0.0001158787,0.0004377278,0.099853515625,1.0,1,engineer_33.png,engineer
8.203188,0.00024414062,0.0001158787,0.0004377278,0.099853515625,1.0,1,engineer_34.png,engineer
8.203188,0.00024414062,0.0001158787,0.0004377278,0.099853515625,1.0,1,engineer_35.png,engineer
8.203188,0.00024414062,0.0001158787,0.0004377278,0.099853515625,1.0,1,engineer_36.png,engineer
8.203188,0.00024414062,0.0001158787,0.0004377278,0.099853515625,1.0,1,engineer_37.png,engineer
8.203188,0.00024414062,0.0001158787,0.0004377278,0.099853515625,1.0,1,engineer_38.png,engineer
8.203188,0.00024414062,0.0001158787,0.0004377278,0.099853515625,1.0,1,engineer_39.png,engineer
8.203188,0.00024414062,0.0001158787,0.0004377278,0.099853515625,1.0,1,engineer_40.png,engineer
8.203188,0.00024414062,0.0001158787,0.0004377278,0.099853515625,1.0,1,engineer_41.png,engineer
8.203188,0.00024414062,0.0001158787,0.0004377278,0.099853515625,1.0,1,engineer_42.png,engineer
8.203188,0.00024414062,0.0001158787,0.0004377278,0.099853515625,1.0,1,engineer_43.png,engineer
8.203188,0.00024414062,0.0001158787,0.0004377278,0.099853515625,1.0,1,engineer_44.png,engineer
8.203188,0.00024414062,0.0001158787,0.0004377278,0.099853515625,1.0,1,engineer_45.png,engineer
8.203188,0.00024414062,0.0001158787,0.0004377278,0.099853515625,1.0,1,engineer_46.png,engineer
8.203188,0.00024414062,0.0001158787,0.0004377278,0.099853515625,1.0,1,engineer_47.png,engineer
8.203188,0.00024414062,0.0001158787,0.0004377278,0.099853515625,1.0,1,engineer_48.png,engineer
8.203188,0.00024414062,0.0001158787,0.0004377278,0.099853515625,1.0,1,engineer_49.png,engineer
8.203188,0.00024414062,0.0001158787,0.0004377278,0.099853515625,1.0,1,engineer_50.png,engineer
8.203188,0.00024414062,0.0001158787,0.0004377278,0.099853515625,1.0,1,engineer_51.png,engineer
8.203188,0.00024414062,0.0001158787,0.0004377278,0.099853515625,1.0,1,engineer_52.png,engineer
8.203188,0.00024414062,0.0001158787,0.0004377278,0.099853515625,1.0,1,engineer_53.png,engineer
8.203188,0.00024414062,0.0001158787,0.0004377278,0.099853515625,1.0,1,engineer_54.png,engineer
8.203188,0.00024414062,0.0001158787,0.0004377278,0.099853515625,1.0,1,engineer_55.png,engineer
8.203188,0.00024414062,0.0001158787,0.0004377278,0.099853515625,1.0,1,engineer_56.png,engineer
8.203188,0.00024414062,0.0001158787,0.0004377278,0.099853515625,1.0,1,engineer_57.png,engineer
8.203188,0.00024414062,0.0001158787,0.0004377278,0.099853515625,1.0,1,engineer_58.png,engineer
8.203188,0.00024414062,0.0001158787,0.0004377278,0.099853515625,1.0,1,engineer_59.png,engineer
8.203188,0.00024414062,0.0001158787,0.0004377278,0.099853515625,1.0,1,engineer_60.png,engineer
8.203188,0.00024414062,0.0001158787,0.0004377278,0.099853515625,1.0,1,engineer_61.png,engineer
8.203188,0.00024414062,0.0001158787,0.0004377278,0.099853515625,1.0,1,engineer_62.png,engineer
8.203188,0.00024414062,0.0001158787,0.0004377278,0.099853515625,1.0,1,engineer_63.png,engineer
8.203188,0.00024414062,0.0001158787,0.0004377278,0.099853515625,1.0,1,engineer_64.png,engineer
8.203188,0.00024414062,0.0001158787,0.0004377278,0.099853515625,1.0,1,engineer_65.png,engineer
8.203188,0.00024414062,0.0001158787,0.0004377278,0.099853515625,1.0,1,engineer_66.png,engineer
8.203188,0.00024414062,0.0001158787,0.0004377278,0.099853515625,1.0,1,engineer_67.png,engineer
8.203188,0.00024414062,0.0001158787,0.0004377278,0.099853515625,1.0,1,engineer_68.png,engineer
8.203188,0.00024414062,0.0001158787,0.0004377278,0.099853515625,1.0,1,engineer_69.png,engineer
8.203188,0.00024414062,0.0001158787,0.0004377278,0.099853515625,1.0,1,engineer_70.png,engineer
8.203188,0.00024414062,0.0001158787,0.0004377278,0.099853515625,1.0,1,engineer_71.png,engineer
8.203188,0.00024414062,0.0001158787,0.0004377278,0.099853515625,1.0,1,engineer_72.png,engineer
8.203188,0.00024414062,0.0001158787,0.0004377278,0.099853515625,1.0,1,engineer_73.png,engineer
8.203188,0.00024414062,0.0001158787,0.0004377278,0.099853515625,1.0,1,engineer_74.png,engineer
8.203188,0.00024414062,0.0001158787,0.0004377278,0.099853515625,1.0,1,engineer_75.png,engineer
8.203188,0.00024414062,0.0001158787,0.0004377278,0.099853515625,1.0,1,engineer_76.png,engineer
8.203188,0.00024414062,0.0001158787,0.0004377278,0.099853515625,1.0,1,engineer_77.png,engineer
8.203188,0.00024414062,0.0001158787,0.0004377278,0.099853515625,1.0,1,engineer_78.png,engineer
8.203188,0.00024414062,0.0001158787,0.0004377278,0.099853515625,1.0,1,engineer_79.png,engineer
8.203188,0.00024414062,0.0001158787,0.0004377278,0.099853515625,1.0,1,engineer_80.png,engineer
8.203188,0.00024414062,0.0001158787,0.0004377278,0.099853515625,1.0,1,engineer_81.png,engineer
8.203188,0.00024414062,0.0001158787,0.0004377278,0.099853515625,1.0,1,engineer_82.png,engineer
8.203188,0.00024414062,0.0001158787,0.0004377278,0.099853515625,1.0,1,engineer_83.png,engineer
8.203188,0.00024414062,0.0001158787,0.0004377278,0.099853515625,1.0,1,engineer_84.png,engineer
8.203188,0.00024414062,0.0001158787,0.0004377278,0.099853515625,1.0,1,engineer_85.png,engineer
8.203188,0.00024414062,0.0001158787,0.0004377278,0.099853515625,1.0,1,engineer_86.png,engineer
8.203188,0.00024414062,0.0001158787,0.0004377278,0.099853515625,1.0,1,engineer_87.png,engineer
8.203188,0.00024414062,0.0001158787,0.0004377278,0.099853515625,1.0,1,engineer_88.png,engineer
8.203188,0.00024414062,0.0001158787,0.0004377278,0.099853515625,1.0,1,engineer_89.png,engineer
8.203188,0.00024414062,0.0001158787,0.0004377278,0.099853515625,1.0,1,engineer_90.png,engineer
8.203188,0.00024414062,0.0001158787,0.0004377278,0.099853515625,1.0,1,engineer_91.png,engineer
8.203188,0.00024414062,0.0001158787,0.0004377278,0.099853515625,1.0,1,engineer_92.png,engineer
8.203188,0.00024414062,0.0001158787,0.0004377278,0.099853515625,1.0,1,engineer_93.png,engineer
8.203188,0.00024414062,0.0001158787,0.0004377278,0.099853515625,1.0,1,engineer_94.png,engineer
8.203188,0.00024414062,0.0001158787,0.0004377278,0.099853515625,1.0,1,engineer_95.png,engineer
8.203188,0.00024414062,0.0001158787,0.0004377278,0.099853515625,1.0,1,engineer_96.png,engineer
8.203188,0.00024414062,0.0001158787,0.0004377278,0.099853515625,1.0,1,engineer_97.png,engineer
8.203188,0.00024414062,0.0001158787,0.0004377278,0.099853515625,1.0,1,engineer_98.png,engineer
8.203188,0.00024414062,0.0001158787,0.0004377278,0.099853515625,1.0,1,engineer_99.png,engineer
8.203188,0.00024414062,0.0001158787,0.0004377278,0.099853515625,1.0,1,engineer_100.png,engineer
8.203188,0.00024414062,0.0001158787,0.0004377278,0.099853515625,1.0,1,engineer_101.png,engineer
8.203188,0.00024414062,0.0001158787,0.0004377278,0.099853515625,1.0,1,engineer_102.png,engineer
8.203188,0.00024414062,0.0001158787,0.0004377278,0.099853515625,1.0,1,engineer_103.png,engineer
8.203188,0.00024414062,0.0001158787,0.0004377278,0.099853515625,1.0,1,engineer_104.png,engineer
8.203188,0.00024414062,0.0001158787,0.0004377278,0.099853515625,1.0,1,engineer_105.png,engineer
8.203188,0.00024414062,0.0001158787,0.0004377278,0.099853515625,1.0,1,engineer_106.png,engineer
8.203188,0.00024414062,0.0001158787,0.0004377278,0.099853515625,1.0,1,engineer_107.png,engineer
8.203188,0.00024414062,0.0001158787,0.0004377278,0.099853515625,1.0,1,engineer_108.png,engineer
8.203188,0.00024414062,0.0001158787,0.0004377278,0.099853515625,1.0,1,engineer_109.png,engineer
8.203188,0.00024414062,0.0001158787,0.0004377278,0.099853515625,1.0,1,engineer_110.png,engineer
8.203188,0.00024414062,0.0001158787,0.0004377278,0.099853515625,1.0,1,engineer_111.png,engineer
8.203188,0.00024414062,0.0001158787,0.0004377278,0.099853515625,1.0,1,engineer_112.png,engineer
8.203188,0.00024414062,0.0001158787,0.0004377278,0.099853515625,1.0,1,engineer_113.png,engineer
8.203188,0.00024414062,0.0001158787,0.0004377278,0.099853515625,1.0,1,engineer_114.png,engineer
8.203188,0.00024414062,0.0001158787,0.0004377278,0.099853515625,1.0,1,engineer_115.png,engineer
8.203188,0.00024414062,0.0001158787,0.0004377278,0.099853515625,1.0,1,engineer_116.png,engineer
8.203188,0.00024414062,0.0001158787,0.0004377278,0.099853515625,1.0,1,engineer_117.png,engineer
8.203188,0.00024414062,0.0001158787,0.0004377278,0.099853515625,1.0,1,engineer_118.png,engineer
8.203188,0.00024414062,0.0001158787,0.0004377278,0.099853515625,1.0,1,engineer_119.png,engineer
8.203188,0.00024414062,0.0001158787,0.0004377278,0.099853515625,1.0,1,engineer_120.png,engineer
8.203188,0.00024414062,0.0001158787,0.0004377278,0.099853515625,1.0,1,engineer_121.png,engineer
8.203188,0.00024414062,0.0001158787,0.0004377278,0.099853515625,1.0,1,engineer_122.png,engineer
8.203188,0.00024414062,0.0001158787,0.0004377278,0.099853515625,1.0,1,engineer_123.png,engineer
8.203188,0.00024414062,0.0001158787,0.0004377278,0.099853515625,1.0,1,engineer_124.png,engineer
8.203188,0.00024414062,0.0001158787,0.0004377278,0.099853515625,1.0,1,engineer_125.png,engineer
8.203188,0.00024414062,0.0001158787,0.0004377278,0.099853515625,1.0,1,engineer_126.png,engineer
8.203188,0.00024414062,0.0001158787,0.0004377278,0.099853515625,1.0,1,engineer_127.png,engineer
8.203188,0.00024414062,0.0001158787,0.0004377278,0.099853515625,1.0,1,engineer_128.png,engineer
8.203188,0.00024414062,0.0001158787,0.0004377278,0.099853515625,1.0,1,engineer_129.png,engineer
8.203188,0.00024414062,0.0001158787,0.0004377278,0.099853515625,1.0,1,engineer_130.png,engineer
8.203188,0.00024414062,0.0001158787,0.0004377278,0.099853515625,1.0,1,engineer_131.png,engineer
8.203188,0.00024414062,0.0001158787,0.0004377278,0.099853515625,1.0,1,engineer_132.png,engineer
8.203188,0.00024414062,0.0001158787,0.0004377278,0.099853515625,1.0,1,engineer_133.png,engineer
8.203188,0.00024414062,0.0001158787,0.0004377278,0.099853515625,1.0,1,engineer_134.png,engineer
8.203188,0.00024414062,0.0001158787,0.0004377278,0.099853515625,1.0,1,engineer_135.png,engineer
8.203188,0.00024414062,0.0001158787,0.0004377278,0.099853515625,1.0,1,engineer_136.png,engineer
8.203188,0.00024414062,0.0001158787,0.0004377278,0.099853515625,1.0,1,engineer_137.png,engineer
8.203188,0.00024414062,0.0001158787,0.0004377278,0.099853515625,1.0,1,engineer_138.png,engineer
8.203188,0.00024414062,0.0001158787,0.0004377278,0.099853515625,1.0,1,engineer_139.png,engineer
8.203188,0.00024414062,0.0001158787,0.0004377278,0.099853515625,1.0,1,engineer_140.png,engineer
8.203188,0.00024414062,0.0001158787,0.0004377278,0.099853515625,1.0,1,engineer_141.png,engineer
8.203188,0.00024414062,0.0001158787,0.0004377278,0.099853515625,1.0,1,engineer_142.png,engineer
8.203188,0.00024414062,0.0001158787,0.0004377278,0.099853515625,1.0,1,engineer_143.png,engineer
8.203188,0.00024414062,0.0001158787,0.0004377278,0.099853515625,1.0,1,engineer_144.png,engineer
8.203188,0.00024414062,0.0001158787,0.0004377278,0.099853515625,1.0,1,engineer_145.png,engineer
8.203188,0.00024414062,0.0001158787,0.0004377278,0.099853515625,1.0,1,engineer_146.png,engineer
8.203188,0.00024414062,0.0001158787,0.0004377278,0.099853515625,1.0,1,engineer_147.png,engineer
8.203188,0.00024414062,0.0001158787,0.0004377278,0.099853515625,1.0,1,engineer_148.png,engineer
8.203188,0.00024414062,0.0001158787,0.0004377278,0.099853515625,1.0,1,engineer_149.png,engineer
8.203188,0.00024414062,0.0001158787,0.0004377278,0.099853515625,1.0,1,engineer_150.png,engineer
8.203188,0.00024414062,0.0001158787,0.0004377278,0.099853515625,1.0,1,engineer_151.png,engineer
8.203188,0.00024414062,0.0001158787,0.0004377278,0.099853515625,1.0,1,engineer_152.png,engineer
8.203188,0.00024414062,0.0001158787,0.0004377278,0.099853515625,1.0,1,engineer_153.png,engineer
8.203188,0.00024414062,0.0001158787,0.0004377278,0.099853515625,1.0,1,engineer_154.png,engineer
8.203188,0.00024414062,0.0001158787,0.0004377278,0.099853515625,1.0,1,engineer_155.png,engineer
8.203188,0.00024414062,0.0001158787,0.0004377278,0.099853515625,1.0,1,engineer_156.png,engineer
8.203188,0.00024414062,0.0001158787,0.0004377278,0.099853515625,1.0,1,engineer_157.png,engineer
8.203188,0.00024414062,0.0001158787,0.0004377278,0.099853515625,1.0,1,engineer_158.png,engineer
8.203188,0.00024414062,0.0001158787,0.0004377278,0.099853515625,1.0,1,engineer_159.png,engineer
8.203188,0.00024414062,0.0001158787,0.0004377278,0.099853515625,1.0,1,engineer_160.png,engineer
8.203188,0.00024414062,0.0001158787,0.0004377278,0.099853515625,1.0,1,engineer_161.png,engineer
8.203188,0.00024414062,0.0001158787,0.0004377278,0.099853515625,1.0,1,engineer_162.png,engineer
8.203188,0.00024414062,0.0001158787,0.0004377278,0.099853515625,1.0,1,engineer_163.png,engineer
8.203188,0.00024414062,0.0001158787,0.0004377278,0.099853515625,1.0,1,engineer_164.png,engineer
8.203188,0.00024414062,0.0001158787,0.0004377278,0.099853515625,1.0,1,engineer_165.png,engineer
8.203188,0.00024414062,0.0001158787,0.0004377278,0.099853515625,1.0,1,engineer_166.png,engineer
8.203188,0.00024414062,0.0001158787,0.0004377278,0.099853515625,1.0,1,engineer_167.png,engineer
8.203188,0.00024414062,0.0001158787,0.0004377278,0.099853515625,1.0,1,engineer_168.png,engineer
8.203188,0.00024414062,0.0001158787,0.0004377278,0.099853515625,1.0,1,engineer_169.png,engineer
8.203188,0.00024414062,0.0001158787,0.0004377278,0.099853515625,1.0,1,engineer_170.png,engineer
8.203188,0.00024414062,0.0001158787,0.0004377278,0.099853515625,1.0,1,engineer_171.png,engineer
8.203188,0.00024414062,0.0001158787,0.0004377278,0.099853515625,1.0,1,engineer_172.png,engineer
8.203188,0.00024414062,0.0001158787,0.0004377278,0.099853515625,1.0,1,engineer_173.png,engineer
8.203188,0.00024414062,0.0001158787,0.0004377278,0.099853515625,1.0,1,engineer_174.png,engineer
8.203188,0.00024414062,0.0001158787,0.0004377278,0.099853515625,1.0,1,engineer_175.png,engineer
8.203188,0.00024414062,0.0001158787,0.0004377278,0.099853515625,1.0,1,engineer_176.png,engineer
8.203188,0.00024414062,0.0001158787,0.0004377278,0.099853515625,1.0,1,engineer_177.png,engineer
8.203188,0.00024414062,0.0001158787,0.0004377278,0.099853515625,1.0,1,engineer_178.png,engineer
8.203188,0.00024414062,0.0001158787,0.0004377278,0.099853515625,1.0,1,engineer_179.png,engineer
8.203188,0.00024414062,0.0001158787,0.0004377278,0.099853515625,1.0,1,engineer_180.png,engineer
8.203188,0.00024414062,0.0001158787,0.0004377278,0.099853515625,1.0,1,engineer_181.png,engineer
8.203188,0.00024414062,0.0001158787,0.0004377278,0.099853515625,1.0,1,engineer_182.png,engineer
8.203188,0.00024414062,0.0001158787,0.0004377278,0.099853515625,1.0,1,engineer_183.png,engineer
8.203188,0.00024414062,0.0001158787,0.0004377278,0.099853515625,1.0,1,engineer_184.png,engineer
8.203188,0.00024414062,0.0001158787,0.0004377278,0.099853515625,1.0,1,engineer_185.png,engineer
8.203188,0.00024414062,0.0001158787,0.0004377278,0.099853515625,1.0,1,engineer_186.png,engineer
8.203188,0.00024414062,0.0001158787,0.0004377278,0.099853515625,1.0,1,engineer_187.png,engineer
8.203188,0.00024414062,0.0001158787,0.0004377278,0.099853515625,1.0,1,engineer_188.png,engineer
8.203188,0.00024414062,0.0001158787,0.0004377278,0.099853515625,1.0,1,engineer_189.png,engineer
8.203188,0.00024414062,0.0001158787,0.0004377278,0.099853515625,1.0,1,engineer_190.png,engineer
8.203188,0.00024414062,0.0001158787,0.0004377278,0.099853515625,1.0,1,engineer_191.png,engineer
8.203188,0.00024414062,0.0001158787,0.0004377278,0.099853515625,1.0,1,engineer_192.png,engineer
8.203188,0.00024414062,0.0001158787,0.0004377278,0.099853515625,1.0,1,engineer_193.png,engineer
8.203188,0.00024414062,0.0001158787,0.0004377278,0.099853515625,1.0,1,engineer_194.png,engineer
8.203188,0.00024414062,0.0001158787,0.0004377278,0.099853515625,1.0,1,engineer_195.png,engineer
8.203188,0.00024414062,0.0001158787,0.0004377278,0.099853515625,1.0,1,engineer_196.png,engineer
8.203188,0.00024414062,0.0001158787,0.0004377278,0.099853515625,1.0,1,engineer_197.png,engineer
8.203188,0.00024414062,0.0001158787,0.0004377278,0.099853515625,1.0,1,engineer_198.png,engineer
8.203188,0.00024414062,0.0001158787,0.0004377278,0.099853515625,1.0,1,engineer_199.png,engineer
8.203188,0.00024414062,0.0001158787,0.0004377278,0.099853515625,1.0,1,engineer_200.png,engineer
8.203188,0.00024414062,0.0001158787,0.0004377278,0.099853515625,1.0,1,engineer_201.png,engineer
8.203188,0.00024414062,0.0001158787,0.0004377278,0.099853515625,1.0,1,engineer_202.png,engineer
8.203188,0.00024414062,0.0001158787,0.0004377278,0.099853515625,1.0,1,engineer_203.png,engineer
8.203188,0.00024414062,0.0001158787,0.0004377278,0.099853515625,1.0,1,engineer_204.png,engineer
8.203188,0.00024414062,0.0001158787,0.0004377278,0.099853515625,1.0,1,engineer_205.png,engineer
8.203188,0.00024414062,0.0001158787,0.0004377278,0.099853515625,1.0,1,engineer_206.png,engineer
8.203188,0.00024414062,0.0001158787,0.0004377278,0.099853515625,1.0,1,engineer_207.png,engineer
8.203188,0.00024414062,0.0001158787,0.0004377278,0.099853515625,1.0,1,engineer_208.png,engineer
8.203188,0.00024414062,0.0001158787,0.0004377278,0.099853515625,1.0,1,engineer_209.png,engineer
8.203188,0.00024414062,0.0001158787,0.0004377278,0.099853515625,1.0,1,engineer_210.png,engineer
8.203188,0.00024414062,0.0001158787,0.0004377278,0.099853515625,1.0,1,engineer_211.png,engineer
8.203188,0.00024414062,0.0001158787,0.0004377278,0.099853515625,1.0,1,engineer_212.png,engineer
8.203188,0.00024414062,0.0001158787,0.0004377278,0.099853515625,1.0,1,engineer_213.png,engineer
8.203188,0.00024414062,0.0001158787,0.0004377278,0.099853515625,1.0,1,engineer_214.png,engineer
8.203188,0.00024414062,0.0001158787,0.0004377278,0.099853515625,1.0,1,engineer_215.png,engineer
8.203188,0.00024414062,0.0001158787,0.0004377278,0.099853515625,1.0,1,engineer_216.png,engineer
8.203188,0.00024414062,0.0001158787,0.0004377278,0.099853515625,1.0,1,engineer_217.png,engineer
8.203188,0.00024414062,0.0001158787,0.0004377278,0.099853515625,1.0,1,engineer_218.png,engineer
8.203188,0.00024414062,0.0001158787,0.0004377278,0.099853515625,1.0,1,engineer_219.png,engineer
8.203188,0.00024414062,0.0001158787,0.0004377278,0.099853515625,1.0,1,engineer_220.png,engineer
8.203188,0.00024414062,0.0001158787,0.0004377278,0.099853515625,1.0,1,engineer_221.png,engineer
8.203188,0.00024414062,0.0001158787,0.0004377278,0.099853515625,1.0,1,engineer_222.png,engineer
8.203188,0.00024414062,0.0001158787,0.0004377278,0.099853515625,1.0,1,engineer_223.png,engineer
8.203188,0.00024414062,0.0001158787,0.0004377278,0.099853515625,1.0,1,engineer_224.png,engineer
8.203188,0.00024414062,0.0001158787,0.0004377278,0.099853515625,1.0,1,engineer_225.png,engineer
8.203188,0.00024414062,0.0001158787,0.0004377278,0.099853515625,1.0,1,engineer_226.png,engineer
8.203188,0.00024414062,0.0001158787,0.0004377278,0.099853515625,1.0,1,engineer_227.png,engineer
8.203188,0.00024414062,0.0001158787,0.0004377278,0.099853515625,1.0,1,engineer_228.png,engineer
8.203188,0.00024414062,0.0001158787,0.0004377278,0.099853515625,1.0,1,engineer_229.png,engineer
8.203188,0.00024414062,0.0001158787,0.0004377278,0.099853515625,1.0,1,engineer_230.png,engineer
8.203188,0.00024414062,0.0001158787,0.0004377278,0.099853515625,1.0,1,engineer_231.png,engineer
8.203188,0.00024414062,0.0001158787,0.0004377278,0.099853515625,1.0,1,engineer_232.png,engineer
8.203188,0.00024414062,0.0001158787,0.0004377278,0.099853515625,1.0,1,engineer_233.png,engineer
8.203188,0.00024414062,0.0001158787,0.0004377278,0.099853515625,1.0,1,engineer_234.png,engineer
8.203188,0.00024414062,0.0001158787,0.0004377278,0.099853515625,1.0,1,engineer_235.png,engineer
8.203188,0.00024414062,0.0001158787,0.0004377278,0.099853515625,1.0,1,engineer_236.png,engineer
8.203188,0.00024414062,0.0001158787,0.0004377278,0.099853515625,1.0,1,engineer_237.png,engineer
8.203188,0.00024414062,0.0001158787,0.0004377278,0.099853515625,1.0,1,engineer_238.png,engineer
8.203188,0.00024414062,0.0001158787,0.0004377278,0.099853515625,1.0,1,engineer_239.png,engineer
8.203188,0.00024414062,0.0001158787,0.0004377278,0.099853515625,1.0,1,engineer_240.png,engineer
8.203188,0.00024414062,0.0001158787,0.0004377278,0.099853515625,1.0,1,engineer_241.png,engineer
8.203188,0.00024414062,0.0001158787,0.0004377278,0.099853515625,1.0,1,engineer_242.png,engineer
8.203188,0.00024414062,0.0001158787,0.0004377278,0.099853515625,1.0,1,engineer_243.png,engineer
8.203188,0.00024414062,0.0001158787,0.0004377278,0.099853515625,1.0,1,engineer_244.png,engineer
8.203188,0.00024414062,0.0001158787,0.0004377278,0.099853515625,1.0,1,engineer_245.png,engineer
8.203188,0.00024414062,0.0001158787,0.0004377278,0.099853515625,1.0,1,engineer_246.png,engineer
8.203188,0.00024414062,0.0001158787,0.0004377278,0.099853515625,1.0,1,engineer_247.png,engineer
8.203188,0.00024414062,0.0001158787,0.0004377278,0.099853515625,1.0,1,engineer_248.png,engineer
8.203188,0.00024414062,0.0001158787,0.0004377278,0.099853515625,1.0,1,engineer_249.png,engineer
8.203188,0.00024414062,0.0001158787,0.0004377278,0.099853515625,1.0,1,engineer_250.png,engineer
8.203188,0.00024414062,0.0001158787,0.0004377278,0.099853515625,1.0,1,engineer_251.png,engineer
8.203188,0.00024414062,0.0001158787,0.0004377278,0.099853515625,1.0,1,engineer_252.png,engineer
8.203188,0.00024414062,0.0001158787,0.0004377278,0.099853515625,1.0,1,engineer_253.png,engineer
8.203188,0.00024414062,0.0001158787,0.0004377278,0.099853515625,1.0,1,engineer_254.png,engineer
8.203188,0.00024414062,0.0001158787,0.0004377278,0.099853515625,1.0,1,engineer_255.png,engineer
8.203188,0.00024414062,0.0001158787,0.0004377278,0.099853515625,1.0,1,engineer_256.png,engineer
8.203188,0.00024414062,0.0001158787,0.0004377278,0.099853515625,1.0,1,engineer_257.png,engineer
8.203188,0.00024414062,0.0001158787,0.0004377278,0.099853515625,1.0,1,engineer_258.png,engineer
8.203188,0.00024414062,0.0001158787,0.0004377278,0.099853515625,1.0,1,engineer_259.png,engineer
8.203188,0.00024414062,0.0001158787,0.0004377278,0.099853515625,1.0,1,engineer_260.png,engineer
8.203188,0.00024414062,0.0001158787,0.0004377278,0.099853515625,1.0,1,engineer_261.png,engineer
8.203188,0.00024414062,0.0001158787,0.0004377278,0.099853515625,1.0,1,engineer_262.png,engineer
8.203188,0.00024414062,0.0001158787,0.0004377278,0.099853515625,1.0,1,engineer_263.png,engineer
8.203188,0.00024414062,0.0001158787,0.0004377278,0.099853515625,1.0,1,engineer_264.png,engineer
8.203188,0.00024414062,0.0001158787,0.0004377278,0.099853515625,1.0,1,engineer_265.png,engineer
8.203188,0.00024414062,0.0001158787,0.0004377278,0.099853515625,1.0,1,engineer_266.png,engineer
8.203188,0.00024414062,0.0001158787,0.0004377278,0.099853515625,1.0,1,engineer_267.png,engineer
8.203188,0.00024414062,0.0001158787,0.0004377278,0.099853515625,1.0,1,engineer_268.png,engineer
8.203188,0.00024414062,0.0001158787,0.0004377278,0.099853515625,1.0,1,engineer_269.png,engineer
8.203188,0.00024414062,0.0001158787,0.0004377278,0.099853515625,1.0,1,engineer_270.png,engineer
8.203188,0.00024414062,0.0001158787,0.0004377278,0.099853515625,1.0,1,engineer_271.png,engineer
8.203188,0.00024414062,0.0001158787,0.0004377278,0.099853515625,1.0,1,engineer_272.png,engineer
8.203188,0.00024414062,0.0001158787,0.0004377278,0.099853515625,1.0,1,engineer_273.png,engineer
8.203188,0.00024414062,0.0001158787,0.0004377278,0.099853515625,1.0,1,engineer_274.png,engineer
8.203188,0.00024414062,0.0001158787,0.0004377278,0.099853515625,1.0,1,engineer_275.png,engineer
8.203188,0.00024414062,0.0001158787,0.0004377278,0.099853515625,1.0,1,engineer_276.png,engineer
8.203188,0.00024414062,0.0001158787,0.0004377278,0.099853515625,1.0,1,engineer_277.png,engineer
8.203188,0.00024414062,0.0001158787,0.0004377278,0.099853515625,1.0,1,engineer_278.png,engineer
8.203188,0.00024414062,0.0001158787,0.0004377278,0.099853515625,1.0,1,engineer_279.png,engineer
8.203188,0.00024414062,0.0001158787,0.0004377278,0.099853515625,1.0,1,engineer_280.png,engineer
8.203188,0.00024414062,0.0001158787,0.0004377278,0.099853515625,1.0,1,engineer_281.png,engineer
8.203188,0.00024414062,0.0001158787,0.0004377278,0.099853515625,1.0,1,engineer_282.png,engineer
8.203188,0.00024414062,0.0001158787,0.0004377278,0.099853515625,1.0,1,engineer_283.png,engineer
8.203188,0.00024414062,0.0001158787,0.0004377278,0.099853515625,1.0,1,engineer_284.png,engineer
8.203188,0.00024414062,0.0001158787,0.0004377278,0.099853515625,1.0,1,engineer_285.png,engineer
8.203188,0.00024414062,0.0001158787,0.0004377278,0.099853515625,1.0,1,engineer_286.png,engineer
8.203188,0.00024414062,0.0001158787,0.0004377278,0.099853515625,1.0,1,engineer_287.png,engineer
8.203188,0.00024414062,0.0001158787,0.0004377278,0.099853515625,1.0,1,engineer_288.png,engineer
8.203188,0.00024414062,0.0001158787,0.0004377278,0.099853515625,1.0,1,engineer_289.png,engineer
8.203188,0.00024414062,0.0001158787,0.0004377278,0.099853515625,1.0,1,engineer_290.png,engineer
8.203188,0.00024414062,0.0001158787,0.0004377278,0.099853515625,1.0,1,engineer_291.png,engineer
8.203188,0.00024414062,0.0001158787,0.0004377278,0.099853515625,1.0,1,engineer_292.png,engineer
8.203188,0.00024414062,0.0001158787,0.0004377278,0.099853515625,1.0,1,engineer_293.png,engineer
8.203188,0.00024414062,0.0001158787,0.0004377278,0.099853515625,1.0,1,engineer_294.png,engineer
8.203188,0.00024414062,0.0001158787,0.0004377278,0.099853515625,1.0,1,engineer_295.png,engineer
8.203188,0.00024414062,0.0001158787,0.0004377278,0.099853515625,1.0,1,engineer_296.png,engineer
8.203188,0.00024414062,0.0001158787,0.0004377278,0.099853515625,1.0,1,engineer_297.png,engineer
8.203188,0.00024414062,0.0001158787,0.0004377278,0.099853515625,1.0,1,engineer_298.png,engineer
8.203188,0.00024414062,0.0001158787,0.0004377278,0.099853515625,1.0,1,engineer_299.png,engineer
